"id","type","model","model_id","category","title","detail","url","status","priority","created","modified"
"4","ブログ","BlogContent","1","","お知らせ","AIPの最新情報をお届けします。","/news/index","1","0.5","2015-02-03 22:14:14","2015-06-03 14:41:49"
"5","メール","MailContent","1","","お問い合わせ","お問い合わせはお電話か次のお問い合わせフォームより承ります。電話番号 092-986-2834（受付時間 平日10:00〜17:00）お問い合わせフォーム","/contact/index","1","0.5","2015-02-03 22:14:14","2015-07-02 18:17:21"
"6","ページ","Page","1","","Index","","/index","1","0.5","2015-02-03 22:14:14","2015-09-26 14:32:20"
"7","ページ","Page","11","プロジェクト支援","プロジェクト支援","どんなに「知識」を得ても、どんなにコミュニティを通じて仲間が出来て、そこで「人間性」を磨いても、実際に実務に携わらないと、その知識や人間性は絵に描いた餅となってしまいます。 そこでAIPでは、実際に私たちが住んでいる福岡という街をITコミュニティの力を通じて、より住みやすく、より楽しくなるような、プロジェクトを実際に実施する主体として活動してきています。 これが、AIPの理念の３つめである「経験」を積むための「プロジェクト支援」です。AIPのプロジェクト支援実績進行中天神・大名WiFi化プロジェクトITコミュニティの力で福岡をより住みやすく、より楽しくしたい「AIP」の理念と、日本でWiFiデンシティ（密集地）都市をITコミュニティの力を借りて作りたいFON JAPAN　の思いが重なり、日本で初めて、「街をまるごとWiFi化」するプロジェクトが、通信会社でも、自治体でもなく、ITコミュニティとNPO主導で始まりました。西日本新聞の一面で取り上げられるなどの反響が反響を呼び、最終的には120箇所のWiFiスポットを、天神・大名地域につくることが出来、この中で築いた商店街とのネットワークが次なるプロジェクト「大名なう」へつながることになります。このプロジェクトの狙いや思いについては、コミュニティメンバーが 素敵なイラストで表現してくれていますので、是非ごらんください。進行中大名なう天神・大名WiFi化プロジェクトでつながった商店街の皆さんと、ITを使って大名地域をもっと盛り上げたい、お客さんに来てほしい、ということで「天神・大名WiFi化プロジェクト」名義で始まったプロジェクトです。その頃日本でブレイクしはじめたTwitterを使って、街の情報を発信すれば、IT利用に興味が無い商店街の方も、気軽に使えるのではないか、ということで、大名のお店に「#daimyo 」というハッシュタグを使ってTwitterで呟いてもらうプロジェクトを開始しました。こちらは、「日本初の Twitterによる地域街おこし」としてテレビの全国放送にも取り上げられることになり、活動開始から二ヶ月は毎週何らかの取材、TVへの出演などを果たすことになり、多くの参加店が、直接的な売上げの向上のみならず、新規顧客の獲得、参加店の間のコミュニティ組成による、新規イベント発生などの効果をえることが出来ました。概要については、情報白書に取り上げられているので、そちらをご覧ください。なお、このプロジェクトは現在でも、新しいSNSの勉強会などのかたち（「大名なう勉強会」）などで続いています。","/project/index","1","0.5","2015-03-11 22:15:10","2015-05-27 14:03:05"
"8","ページ","Page","12","コミュニティ支援","コミュニティ支援","AIPの理念の一つ「人間性」を育む場がコミュニティです。教育の大きな核となるITコミュニティへの支援の具体的な活動として、ITコミュニティがまだ全国的にも無かった10年以上前から「AIPコミュニティ」を設立し運営を行い、コミュニティの勉強会や意見交換が出来る場として、現在のシェアカフェにつながるようなコンセプトの「AIPCafe」を運営し、さらに実ビジネスをコミュニティベースで行う実験として（この活動は現在ではコミュニティ経済と言われる概念の走りである）人と街を繋げる「天神・大名WiFi化協議会」や「大名なう」などの活動を実施してきました。この活動の中で培った、コミュニティ運営、場作り、地域活性などのノウハウを活かし、様々な支援を行っています。AIPのコミュニティ支援実績 継続中CODE FOR FUKUOKA支援内容：運営、会場提供、広報CodeForFukuoka公式サイト 継続中スタートアップカフェ支援内容：アンバサダーコンシェルジュとして起ち上げ、企画、運営をサポートスタートアップカフェ公式サイト 継続中StartupSupporters支援内容運営、会場提供支援したコミュニティ一覧FWW(Fukuoka Web Workers)Ruby Business CommonsソフトウェアビジネスラボWordBench福岡水曜どうしよう大名なう勉強会合同新人研修コミュニティTechWave塾コミュニティ福岡県情報サービス産業協会(FISA)ふくあずStartupSupprtersコミュニティFukuoka Frontend FrogsCode For Fukuoka","/community/index","1","0.5","2015-03-11 22:16:23","2015-04-07 21:06:50"
"9","ページ","Page","13","教育事業","教育事業","AIPの理念の一つ「知識」を得る場としてコミュニティ形成も軸に置いた合同新人研修をはじめ、これから必ず必要になるであろう知識・技術、コアメンバー育成のためのキャリア教育など、NPOだからこそできる特色ある講座をご用意しています。どの講座も最前線でビジネスを行っているコミュニティメンバーが講師となり、そのノウハウを落とし込んだまさに実ビジネスのためのカリキュラムです。また単なる講座を提供するだけでなく、将来のコアメンバー育成のための教育によるキャリアフォローをご提案しています。合同新人研修から始まり、フォローアップ研修、３年目教育、マネージャ育成とコアメンバーに必要となる様々な教育を実ビジネスに沿った内容でご提供いたします。AIPの教育事業新人教育AIPの新人研修にかける想いは２つ、「高い品質の教育を福岡で提供したい」「新人の頃から多くの絆を作れる場を提供したい」です。この想いを元に2005年から毎年合同新人研修を実施しています。高い品質とリーズナブルな価格、そして将来のコアメンバー育成の為の幅広い内容とコミュニティ育成。一企業では実現が難しい事でも、多くの企業が協力して運営するNPOのAIPだからこそできる教育です。新人教育の詳細講座AIPがご提供する講座は座学だけでなく、ハンズオンを伴う実践型講座です。説明を聴いて終わりではなく、実際に頭と手を動かして頂いて、講座終了後も自らの手で学習を進めていけるきっかけをしっかりとご提供します。特定の技術をターゲットとした講座から、UI/UX、品質向上、マネジメントやファシリテーションなど幅広く、そして実ビジネスに活用できる内容ばかりです。講座一覧講師AIPの教育事業は、講師として多くの企業様、コミュニティからのご協力を頂いています。講師陣の確かなノウハウと多くの経験は、講座を通じて必ず皆様のビジネスにお役に立つものだと考えております。講師一覧","/education/index","1","0.5","2015-03-11 22:17:10","2015-04-02 16:28:46"
"10","ページ","Page","14","教育事業","新人研修","AIPの新人研修にかける想いは２つ、「高い品質の教育を福岡で提供したい」「新人の頃から多くの絆を作れる場を提供したい」です。この想いを元に2005年から毎年合同新人研修を実施しています。高い品質とリーズナブルな価格、そして将来のコアメンバー育成の為の幅広い内容とコミュニティ育成。一企業では実現が難しい事でも、多くの企業が協力して運営するNPOのAIPだからこそできる教育です。AIP合同新人研修３つの特徴カリキュラム詳細対象助成金について講座概要AIP合同新人研修３つの特徴AIPの合同新人研修には他社研修には無い大きな３つの特徴があります。人間性×コミュニティ高品質×低コスト実践型×次世代人間性&times;コミュニティ３ヶ月間かけるからできる日々のヒューマンスキル指導毎日日報を提出、翌日分の提出までに全員を個別指導毎朝３分間スピーチを実施、質疑応答・要約指導も３ヶ月間を通して品質/納期/コストを意識付け目標（品質）とスケジュール（納期）を評価基準にて明確化初日からコストに関する指導を実施、カリキュラム内でも適用新人の頃から将来を見据えたコミュニティ形成合同だからできる会社の垣根を越えたコミュニティ新人研修OG/OBと繋がる新人研修コミュニティ高品質&times;低コストNPOだからできる多くの優秀な講師陣での講義すべての講師が現役のため現場に即した講義内容。教育経験もあるので分かりやすいエンジニア/デザイナー/コンサル等、幅広い講師陣講演会や外部セミナー等に参加することで意識向上を促す福岡/東京のコミュニティから最前線で活躍する人達が講演新人研修コミュニティから先輩達も講演/指導に参加各種助成金等に対応。短期間でも参加できる３コース制キャリア形成促進助成金に対応、その他助成金や奨励金にも３ヶ月間が難しい場合１コースのみ参加やカスタマイズも可能実践型&times;次世代オブジェクト指向の理解と共に納期に対する意識向上オブジェクト指向の理解の為に言語はJavaを選択演習問題すべてに細かい納期を設定、納期への意識を育成プロジェクトベース開発演習でチーム品質とコスト理解４人チームでLEGOを使った演習を実施、チーム品質の理解を促すコストを細かく設定、時間と利益の関係を経験させ理解を促す模擬プロジェクトでプロジェクトの流れとサービスを理解チームでサービスの構築・提案から製造、納品までを経験コンペ形式の製品発表会を実施、３ヶ月間の内容をすべて投入次世代のコアメンバー育成に向け最新技術教育を実施模擬プロジェクトではクラウドサービスを利用UI/UXやソーシャルメディア、マーケティング等の講座も実施カリキュラム詳細SEパーソナル教育コース(8日間/64時間)SE向けビジネス文章、SE向けビジネスマナー、情報の取り方、プレゼンテーション演習、ロジカルシンキング、ビジネス会計基礎IT基礎技術教育コース(6日間/48時間)コンピュータ基礎、アルゴリズム、Webサービス理解、開発工程理解、UML講座、データベース理解、ソーシャルメディアマーケティング専門教育コース(44日間/352時間)Java初級・中級(講義+演習+課題)、チーム演習、模擬プロジェクト演習、成果発表会定常教育(毎日/随時)3分間スピーチ(毎朝朝礼時)、日報提出、個人面談、ビジネスマナー指導、セキュリティ意識指導、講演会(4〜5回を予定)、各種コミュニティ参加引率※平成27年度は全58日間にて実施詳細スケジュールはこちらを御覧ください。平成27年度AIP合同新人研修スケジュール(PDF/3MB)対象助成金についてAIPの合同新人研修は以下の制度の対象となります。キャリア形成促進助成金新人研修(OFF-JT)と社内でのOJTを合わせた、6ヶ月間の教育訓練計画実施により研究費の最大1/3や賃金助成が支給されます。中小企業労働環境向上助成金雇用管理制度(評価・処遇制度、研修体系制度、健康づくり制度)の導入等に対して30万〜40万の助成金が支給されます。講座概要対象・前提知識原則として、2015年4月入社予定の新人の方コース日数3コースすべて受講で 58日(9:00〜18:00)コース日程2015年4月6日(月)〜6月30日(火)研修会場福岡県Ruby・コンテンツ産業振興センター5F福岡市博多区博多駅東1-17-1 福岡県福岡東総合庁舎持参するもの研修で使用するPC、参考書籍2冊、筆記用具料金SEパーソナル教育コース &yen;150,000(税抜)IT基礎技術教育コース &yen;150,000(税抜)専門教育コース &yen;300,000(税抜)※各コースともキャリア形成助成金適用可能お支払い方法別途お打ち合わせ申込方法電話・FAX・メールにてご連絡ください。折り返し研修担当よりご連絡させて頂き、研修内容の詳しいご説明をさせて頂きます。TEL 092-986-2834 (受付時間 平日:10:00〜17:00まで)FAX 092-986-2835e-mail office@npo-aip.or.jp","/education/orientation","1","0.5","2015-03-11 22:18:35","2015-04-02 20:59:01"
"11","ページ","Page","15","教育事業","講師","","/education/teacher","1","0.5","2015-03-11 22:24:08","2015-03-11 22:24:08"
"12","ページ","Page","16","AIPの紹介","AIPの紹介","AIPは、正式名称を非特定営利法人AIPと言い、これからの日本にあって「最高位のIT人材を戦略的に育成し、その人材や知の集約をもとに、IT活用の高度化と地域の活性化を促進する」ことを使命として設立されたNPOです。最高位のIT人材育成とは、単に技術知識を持つことを指すのではなく、ITを使ってビジネスプロセスを改善し、企業価値を上げてゆくために必要となるスキルを、実践的・経験的に身に付けた人材を輩出することであり、その結果企業や自治体に於けるITライフサイクルの全体を通じた、高い視点からのITガバナンスを促進します。2007年にそれまでの講義主体の教育を提供している形から、再スタートをきり、ITコミュニティを核にネットワークを広げ、場やハブとしての役割を担う活動を行ってきました。福岡を拠点に置き、全国、さらにはアジアを対象として事業を展開し、高度IT人材の戦略的な育成によりIT活用の高度化と地域の活性化を促進いたします。","/about/index","1","0.5","2015-03-11 22:25:04","2015-04-07 22:19:29"
"13","ページ","Page","17","AIPの紹介","活動実績","プロジェクト支援LOCAL GOOD FUKUOKA支援内容：プロジェクトの企画、進捗管理、営業、広報／課題収集&amp;掲載／ニュース収集&amp;配信／スキルマッチング大名なうプロジェクトの企画、進捗管理、営業、広報／情報リテラシー育成天神・大名WiFi化支援内容：プロジェクトの企画、進捗管理、広報／情報リテラシー育成コミュニティ支援CODE FOR FUKUOKA支援内容：運営、会場提供、広報スタートアップカフェ支援内容：アンバサダーコンシェルジュとして起ち上げ、企画、運営をサポート","/about/activity","1","0.5","2015-03-11 22:25:38","2015-04-07 21:09:44"
"14","ページ","Page","18","AIPの紹介","法人概要・沿革","法人概要名称特定非営利活動法人 AIP英文表記Academy for advanced Information technology Professionals住所〒812-0013 福岡県福岡市博多区博多駅東1-17-1福岡県福岡東総合庁舎4階福岡県Ｒｕｂｙ・コンテンツ産業振興センター　オフィス11電話092-986-2834（代表）FAX092-986-2835設立平成15年1月20日沿革2003年特定非営利活動法人 高度IT人材アカデミー 創設2008年天神・大名WiFi化計画 実施AIPCafe 開設2009年大名なう 実施2010年クラウド3DAYS2011年クラウド3DAYS特定非営利活動法人 AIP 名称変更2012年クラウド3DAYS2015年LOCAL GOOD FUKUOKA 開始定款AIP定款はこちらからダウンロードできます（PDF形式 272KB）","/about/outline","1","0.5","2015-03-11 22:26:22","2015-06-24 18:02:45"
"15","ページ","Page","19","AIPの紹介","組織","NPOを中心としながら、官(県・市・国)と複数の民間企業が連携しています。地場の企業が中心となって事業を運営し、ノウハウを蓄積することで長期的な地域の産業活性化を促進します。役員理事長本田 敬吉 （イー・エフ・アイ株式会社 取締役会長）副理事長須藤 修 （東京大学大学院情報学環 教授）上野 末吉 (三立情報株式会社 代表取締役社長)理事西岡 雅敏 （株式会社インフォメックス　代表取締役）孫 泰蔵 （MOVIDA JAPAN 株式会社 代表取締役社長）杉山 隆志 （株式会社 cotode 代表取締役社長）柴田 健二 （麻生教育サービス株式会社 取締役営業部長）監事岡部 浩太郎 （株式会社福岡CSK 営業部部長）&nbsp;","/about/organization","1","0.5","2015-03-11 22:26:55","2015-03-26 14:34:59"
"16","ページ","Page","20","AIPの紹介","支援","AIPを支援されている団体などの紹介ページです。 顧問福岡県福岡市九州電力株式会社法人会員グローバルブレインズ 株式会社株式会社 IDCフロンティアASD 株式会社株式会社 佐賀電算センタービートレンド株式会社株式会社Fusic","/about/support_group","1","0.5","2015-03-11 22:27:54","2015-04-07 21:09:02"
"17","ページ","Page","21","","AIP会員","AIPの理念や活動に賛同いただける方へAIPでは会員を募集しています。AIP会員になると、AIP有料講座の割引やその他特典があります。会員の種類会員の種類正会員利用会員賛助会員AIPカフェ会員運営会員法人個人寄付会員団体(法人)個人入会金5万円1万円1万円5万円／1口00年会費5万円&nbsp;1万円3万円1万円会員特典総会議決権（運営への参加）◯ーーーーーAIPカフェの利用◯◯◯◯◯◯事業への参加◯◯◯△△△AIP主催研修の割引◯◯◯△ーーAIPイベントの割引低額の場合は除く◯◯◯△ーービジネスマッチングの情報提供◯◯◯△△△メールマガジンの配信希望者のみ◯◯◯◯◯◯Rubyセンターセミナールームの利用(但し、AIPが共催等ができるものに限る)◯◯◯ーーー※ 特典 AIPカフェの利用（解錠・施錠権限）は「団体（法人）」では団体に所属するメンバーへの貸与が可能です。「個人」ではご本人のみとなり貸与はできません。入会方法AIP会員申込フォームより登録をお願いします。&nbsp;AIP会員入会のお申し込みメールマガジン会員募集のご案内講座開催のご案内などが届くメールマガジン（メルマガ）会員を募集しております。会員へのお申込は無料です。メルマガ会員 登録","/member","1","0.5","2015-03-11 22:30:07","2015-04-20 18:43:51"
"18","ページ","Page","22","","AIPカフェ","コミュニティメンバー等が気軽に集まって打ち合わせや勉強会が出来る多目的交流スペース「AIPカフェ」を運営しています。壁一面のホワイトボードやバーカウンターも用意しています。皆さんのアイデアで有効に活用して下さい。AIPカフェメンバー一覧はこちら&nbsp;AIPカフェ ご利用の流れ1AIPカフェ利用カレンダーで空き状況を確認2AIPカフェML(Googleグループ)へ参加3AIPカフェMLで利用申請4当日はAIPカフェの鍵を持った方が解錠※利用申請するメンバーに鍵を持った方がいないと解錠できないのでご注意ください。※来た時よりも美しく。ゴミはお持ち帰りください。※喫煙は所定の場所でお願いします。AIPカフェ解錠・施錠権限AIPカフェ会員になると、AIPカフェの解錠・施錠権限が付与されますので鍵をご利用できます。AIPカフェ会員へのお申し込みは会員ページよりお申し込み下さい。AIPカフェ会員の年会費は1万円です。AIPカフェメンバー一覧はこちらAIP カフェ会員 入会のお申し込み AIPカフェ利用カレンダー所在地福岡市中央区大名1丁目14-28 紺屋2023 第一松村ビル302号室","/aipcafe","1","0.5","2015-03-11 22:30:38","2015-06-03 14:32:11"
"19","ブログ","BlogContent","2","","AIPの講座","AIPの講座情報を配信します。","/course/index","1","0.5","2015-03-11 22:44:13","2015-06-03 14:42:06"
"20","ページ","Page","23","AIPの紹介","支援のお願い","AIPの活動に共感し、賛同していただいた方に できる形での支援をお願いいたします。将来を見据え必要となる新規技術の教育。教育の大きな核となるコミュニティの勉強会や意見交換が出来る場として、現在のシェアカフェにつながるようなコンセプトの「AIPCafe」の運営と言ったITコミュニティへの支援。実ビジネスの経験の場として人と街を繋げる「天神・大名WiFi化協議会」や「大名なう」などの活動。これらの活動は福岡県内だけではなく、北海道、東京、沖縄など福岡県外の方が視察に訪れ、コミュニティ設立や、シェアスペースの創設などの具体的活動として広がってきています。支援の形講師専門知識や経験の豊富な方。講師として後進の育成をお願いします。AIP事務局までお問い合わせくださいAIP運営会員、利用会員AIPの事業について企画、運営といった形で参加をお願いします。AIP会員について寄付(AIPCafe会員、賛助会員)皆さんの気持ちを寄付金に託して、支援をお願いします。お預かりする貴重な寄付は教育、地域活性化、コミュニティ支援に繋がる運営や実費のために活用させていただきます。AIPカフェ会員、賛助会員への入会方法","/about/support","1","0.5","2015-03-11 22:56:07","2015-04-07 21:09:22"
"21","ページ","Page","24","AIPの紹介","AIPカフェ メンバーズ","AIPカフェ会員のみなさまを紹介します。 ※順不同金内 透（合同会社CGFM）金内 和子（合同会社CGFM）田中　太朗山田　花子","/about/aipcafemembers","1","0.5","2015-03-16 19:09:32","2015-09-26 15:01:26"
"22","ブログ","BlogContent","3","","講師","","/teacher/index","1","0.5","2015-03-26 13:07:24","2015-06-03 14:42:28"
"23","ブログ","BlogPost","2","カテゴリA","山田 太朗 氏","コンテンツ・ディレクター(ワークス・ワークス所属)1980年後期より広告制作会社にてディレクターとして導入。説明文が入ります。説明文が入ります。説明文が入ります。説明文が入ります。担当講座今日からはじめるWeb講座 〜入門講座〜iOSアプリ開発入門講座iOSアプリ開発実践講座","/teacher/archives/1","1","0.5","2015-03-26 13:22:56","2015-09-26 14:47:56"
"24","ブログ","BlogPost","3","カテゴリA","部差 紙絵夢絵素 氏","webデザイナーテキストが入りますテキストが入りますテキストが入りますテキストが入りますテキストが入りますテキストが入りますテキストが入りますテキストが入りますテキストが入りますテキストが入りますテキストが入りますテキストが入ります担当講座HTML5入門講座HTML5実践講座","/teacher/archives/2","1","0.5","2015-03-26 13:29:56","2015-09-26 14:45:08"
"25","ブログ","BlogPost","4","カテゴリA","江頭 竜二 氏","キャッチアップ株式会社 プログラマー兼代表テキストが入りますテキストが入りますテキストが入りますテキストが入りますテキストが入りますテキストが入りますテキストが入りますテキストが入りますテキストが入りますテキストが入りますテキストが入りますテキストが入ります担当講座baserCMS開発講座baserCMSテーマ制作講座","/teacher/archives/3","1","0.5","2015-03-26 13:32:38","2015-09-26 14:44:47"
"35","ページ","Page","25","AIPの紹介","AIPの理念","AIPでは高度なIT人材を育てるために必要な「活動」全てを教育ととらえ、新しい技術や企画力向上を目指す「知識教育」の充実だけでなく、「人間性」を広げる活動（コミュニティ活動）への誘導や、「実ビジネス」をおこすためのコミュニケーションハブとなる機能を教育機関が持ち、真に実ビジネスに通用する教育を実施することで総合的に人材育成が可能な事業を実施しています。知識(教育)教育の充実。新規技術や企画力向上のための研修など、今後福岡に必要と考えられる教育を迅速に提供しています。経験(ビジネス)地域活性化支援。天神・大名WiFi化プロジェクトや、大名なうなどの地域活性化のための各種コンサルティングの支援を行うことで、ITを活用したサービスを地場で実施できるチャンスを広げる活動を支援していきます。人間性(コミュニティ)コミュニティ支援。福岡市を中心とした地域のITコミュニティ支援を行うことで、技術者同士にとどまらず、地域の企業や住民との接点を広げ、人間性の幅を広げる活動を視点しています。","/about/policy","1","0.5","2015-03-26 13:55:05","2015-06-16 10:51:02"
"36","ブログ","BlogPost","14","Unity","今日からはじめるUnity講座　〜ビジネスアプリのための入門講座〜","講座について当講座では、ゲーム・モバイル分野のみならず、幅広い環境で利用が急激に拡大しているUnityについて、導入から実際の開発での使用までを学びます。 Unityを利用することで、これまで進出できなかった分野への拡大や、開発効率の向上などが期待できます。本講座では、講座によって以下の内容を学びます。内容1日目Unityとは？3D-CG制作機能はないゲームエンジンスマートフォン用必須のゲームエンジン複数の言語開発が可能ビジネスアプリの到来開発環境Mac OS / Windows OSでの環境言語の選択(C# / Javascript / Boo)3D-CGツール種類(Maya / 3dsMax / Lightwave / modo)iOSおよびAndroid用開発SDK標準版(無料)とプロ版(有料)Unity Remote必要な制作スキルプログラミングのスキル3D-CGのスキル企画のスキル実践その１SDKの仕組みと解説MonoDevelopを使った簡単なスクリプトの入力とプレビュー関数、変数およびイベントの基礎スクリプトオーバーライド関数の使い方イベントハンドラーのいろいろGame Objectの操作sceneの作成と操作camera objectの操作ダイナミクス(物理運動)の適用2日目ボーリング・ゲームを作ってみよう！住居のレイアウトのプロモーション・ツールを作ってみよう！ARを使った実際の商品プロモーション紹介知育玩具や教材の可能性iOS / Androidアプリ制作時のアドバイス講師コンテンツ・ディレクター(スカンク・ワークス所属) 井上 祐司 氏1980年後期よりCM・広告制作会社にてCMディレクターとしてMacintoshを用いた制作を導入。以後今日まで、CG / CM / VP / TV / Web / ゲームなど幅広い制作業務を行う。近年は、本来の映像制作とともにiOSアプリやWebゲームなどをリリースし、Unityを使ったコンテンツ制作も積極的に行っている。映像系の専門学校や大学の非常勤講師でもあるプログラミングに強い異色の映像ディレクター。対象・前提知識Unityの基礎と導入方法を学びたい方Unityを教育に導入したいと考えている方何かしらの言語での開発経験があると理解がしやすいです概要コース日数２日（10:30〜17:00）コース日程2014年12月11日（木）〜12月12日（金）研修会場福岡県Ruby・コンテンツ産業振興センター 5F セミナールーム〒812-0013 福岡市博多区博多駅東1-17-1 福岡県福岡東総合庁舎5階持参するもの筆記用具受講料一般料金　100,000円(税抜)AIP会員　42,000円（税抜）お支払い方法お申し込み確認後、振込先及び振込金額をお知らせいたしますので 原則として前日までにお支払いください。備考当日のセミナーに関する機器はご用意いたします。教室内でのご自身の機器(ノートPCなど)は講師の指導対処外となりますので予めご了承ください。また、実際に作成された内容をお持ち帰り頂くことが可能です。ご希望の方はUSBメモリをご用意ください。※本講座へのお申込みは終了いたしました。","/course/archives/1","1","0.5","2015-03-27 15:35:45","2015-06-25 11:23:31"
"37","ブログ","BlogPost","1","AIPの活動","サイトをリニューアルしました","サイトをリニューアルしました。開催する講座について、これまで以上に内容を分かりやすくお伝えすると共に、AIPが誇る講師群の紹介を充実させました。また、講座以外のAIPの活動が伝わりにくかったのですが、今後は報告出来るサイトとなりましたので、逐次報告していきたいと思います。&nbsp;今回のサイトリニューアルは、長年AIPへ支援をいただいている合同会社CGFMの金内 透さん、和子さんに担当いただきとても素敵なAIPらしいサイトとなりました。この場を借りてお礼を申し上げます。また、CMSには地元福岡発の「BaserCMS」を利用させていただいています。あわせて、開発元のNPO法人ベーサー・ファウンデーション関係者の皆さんにもお礼を申し上げます。&nbsp;生まれ変わったAIPのサイトをどうぞよろしくお願いします。","/news/archives/1","1","0.5","2015-04-01 13:53:12","2015-09-26 15:28:07"
"39","メール","MailContent","2","","講座申込","講座に関するお問い合わせはお電話かこちらのお問い合わせフォームより承ります。電話番号 092-986-2834（受付時間 平日10:00〜17:00）講座申込フォーム","/entry_course/index","1","0.5","2015-04-16 18:37:25","2015-07-27 14:26:37"
"43","ブログ","BlogContent","4","","スタッフブログ","","/staff-blog/index","1","0.5","2015-05-21 14:57:05","2015-05-26 13:18:38"
"44","ブログ","BlogPost","19","MokuMoguランチ","FUKUOKA, England, MIYAZAKIから集合のモクモグランチ[2015/05/21]","2015年5月21日も福岡、イギリス、宮崎と多様多種な方々がモクモグランチに参加いただきました。ありがとうございました！","/staff-blog/archives/1","1","0.5","2015-05-24 16:45:58","2015-09-26 15:39:16"
"46","ブログ","BlogPost","21","合同新人研修","お知らせです","お知らせが入ります。お知らせが入ります。お知らせが入ります。お知らせが入ります。お知らせが入ります。お知らせが入ります。お知らせが入ります。お知らせが入ります。お知らせが入ります。お知らせが入ります。お知らせが入ります。お知らせが入ります。","/staff-blog/archives/2","1","0.5","2015-06-01 10:52:53","2015-09-26 15:40:08"
"47","ブログ","BlogPost","22","AIPCafe","AIPcafeのお知らせです","お知らせですお知らせですお知らせですお知らせですお知らせですお知らせですお知らせです。お知らせですお知らせですお知らせですお知らせですお知らせですお知らせですお知らせですお知らせですお知らせですお知らせですお知らせですお知らせですお知らせですお知らせです。お知らせですお知らせですお知らせですお知らせですお知らせですお知らせですお知らせです。","/staff-blog/archives/3","1","0.5","2015-06-18 15:31:52","2015-09-26 15:40:47"
"48","ブログ","BlogPost","23","DevOpe","クラウドを使いこなす！〜システム管理者の為のDevOps講座","講座について開発と運用の壁を取り払い、ITサービスの品質やリリースを格段に向上させる概念をDevOpsと言います。クラウド出現以降ITインフラ環境は劇的に変化し、開発環境は今までに無かった新しい手法が次々と生まれてきています。DevOpsを活用すると、このようなクラウドインフラ環境を自動化させ開発とのシームレスなプラットフォームを作ることで新しい形のシステム管理が可能となります。しかし残念ながらそれらをうまく利用できている企業はほんのわずかであり、従来型のドキュメント指向での管理が中心となっているのが現状です。本講座ではクラウドインフラ環境をモデルとして従来型のドキュメント指向ではなく、DevOpsで使われるInfrastructure as a Codeを中心にインフラ環境の自動化を実際に環境構築をしながら理解していきます。講座内容本講座は2部構成となっております。第1部ではDevOpsを導入するための事前知識を付けて頂きます。社内への導入、顧客への提案をするための知識や導入モデルを理解し、ケースワークを通じて全体像を学習します。第2部では実際にDevOpsツールを使って簡単なシステムを開発して頂きます。DevOpsツールは株式会社スカイアーチネットワークス社が開発したOSSパッケージソフトSkyHopperを利用します。SkyHopperはDevOpsでよく使われるアプリケーションであるChef、Zabbix、Serverspec、AWS CloudFormationの4つを連携させるためのツールで、実際にAmazon Web Services上にシステムを構築していきます。内容詳細DevOps理論編DevOpsについてコラボレーションの効果についてスキルセット導入例DevOps実践クラウド導入DevOpsツール導入自動化基礎自動化応用本講座終了後は簡単なDevOps導入相談会も行いますので、技術的なところ、導入に対しての不明点、実際に導入するためのコンサルティングなどご相談ください。講座資料▼SkyHopperデモ動画▼テキストイメージ(※当日使用の資料とは一部異なる場合があります)&nbsp;&nbsp;講師小島 淳 氏株式会社オルターブース 代表取締役 CTO / Microsoft Azure MVPメインフレーム系システムのSE/PMを経て、技術部門責任者としてフルマネージドサービスを提供する東京都内のMSPへ参画する。より質の高い運用マネジメントを提供する為に、コンサルティング部門を立ち上げ、シニアコンサルタントとして100社以上のWebシステム運用を手掛ける。フリーランスを経て2015年3月に株式会社オルターブースを設立し、クラウド専門フルスタックサービスを提供する。神津 崇士 氏株式会社スカイアーチネットワークス　運用自動化 責任者Webコンテンツ開発会社で開発リーダー。 新規SaaSの企画/開発/システム構築/運用/監視システム導入/負荷対策を担当。開発・運用をバランスよく学び、当時最先端技術であったクラウドへの着目から、 思いが高まり株式会社スカイアーチネットワークスに転職。 サーバー構築・運用・管理を主体とする社内業務の高品質化/効率化を目指す専門チームを立ち上げ、 DevOpsを社内外へ展開/DevOpsツール「Sky Hopper」の開発を担当、OSSとして提供するミッションを持つ。&nbsp;対象・前提知識　　本講座は主にインフラエンジニアが対象となります。　　Linux運用経験があることが望ましいです。概要コース日数１日（9:00〜18:00 / お昼休憩 1時間 / 8時間）コース日程2015年7月25日（土）研修会場福岡県Ruby・コンテンツ産業振興センター 5F セミナールーム〒812-0013 福岡市博多区博多駅東1-17-1 福岡県福岡東総合庁舎5階持参するもの筆記用具※個人でのPC持ち込みも可です。お申し込みの際にお伝えください。受講料一般料金　50,000円(税抜)&nbsp;AIPメーリングリスト会員　30,000円(税抜)AIP会員　 24,000円（税抜）&nbsp;FISA・UOS・F&minus;Ruby会員　27,000円(税抜)&nbsp;※7月13日[月] 12:00までにお申込された方は、早期お申込割引で　　各価格から、3,000円引きとなります！お支払い方法お申し込み確認後、振込先及び振込金額をお知らせいたしますので 原則として前日までにお支払いください。また企業でのお申し込みの場合、開催月締め翌月末払いでのご請求処理も可能です。備考当日のセミナーに関する機器はご用意いたします。実際に作成された内容をお持ち帰り頂くことが可能です。ご希望の方はUSBメモリをご用意ください。本講座を申し込む&nbsp;","/course/archives/3","1","0.5","2015-06-19 09:49:27","2015-07-15 10:35:24"
"50","ブログ","BlogPost","25","ファシリテーション","プロジェクト・ファシリテーション入門講座","講座についてプロジェクト・マネジメント(PM)が重要であることは多くの企業が理解していることですが、マネジメントだけでなく、体系化したプロジェクト現場を活性化させる為のプロジェクト・ファシリテーション(PF)の重要性が近年高まってきています。PMは成果を計画的に出して行く為の技術ですが、PFはプロジェクト現場を活性化し、モチベートし、協調関係を作る為に必要な技術です。プロジェクト・ファシリテーションの定義については下記リンクをご覧ください。　　●プロジェクト・ファシリテーションとは？&nbsp;　(オブラブ様のHPが開きます)講座内容当講座では、プロジェクト・ファシリテーター協会様よりご協力を頂き、プロジェクトをマネジメントする上で、マネージャやリーダーがチームに対してどのようにかかわるか、プロジェクト・ファシリテーションの視点から意識すべき点や具体的な方法を習得します。具体的な技術とその実践例の紹介と解説は座学を中心に行い、その内容を実践的に得るために体験型の演習を交えて行います。当講座を受講することで、プロジェクト・ファシリテーションの基礎を理解し、実際に実践できる知識を習得できます。内容詳細プロジェクト・ファシリテーションの基礎目的と役割、基本的な考え方価値や原則についてプロジェクト・ファシリテーションの活動代表的なプラクティスの紹介（かんばん、バーンダウンチャート、ふりかえり、朝会、その他）実践例の紹介実施時の課題と解決のためのポイントプロジェクトファシリテーションの実践プラクティス実践練習コミュニケーション技法の練習感覚的な能力を利用する練習　※こちらにて過去使用したテキストデータ(PDF)をご覧いただけます。　▼講座内容参考サイトプロジェクト・ファシリテーター協会プロジェクト・ファシリテーター協会（Facebook）オブラブ&nbsp;- プロジェクトファシリテーションとはオブラブ - プロジェクトファシリテーション価値と原則編（PDF）オブラブ - プロジェクトファシリテーション実践編（PDF）講師松本　潤二 氏プロジェクト・ファシリテーター協会 理事長 松本 潤二 氏1969年生まれ。2002年にアジャイルプロセス協議会運営委員、2007年に日本コーチ協会東京チャプターの幹事（代表幹事[2007])を務める。コーアクティブ・コーチングの認定資格(CPCC)を有する。2010年にプロジェクト・ファシリテーター協会を設立し理事長に就任、質の高いプロジェクト・ファシリテーターの育成を目的に活動する。現在はシステム開発のプロジェクトに参画し、プロジェクト・ファシリテーションの実践、導入や改善のコンサルティング、セミナーや、ワークショップを行う。対象・前提知識現在の状況に閉塞感を感じている方、よりよくしたいと思っている方プロジェクトメンバーや上司、お客様などとの関係を改善したい方プロジェクトを成功するための方法を探している方人材育成に携わっている方プロジェクト・ファシリテーターとして活動したい方プロジェクト・ファシリテータ認定取得を目指している方　※複数人が関わるプロジェクトチームに所属し、　　リーダーやマネージャおよびその候補者に最適です。概要コース日数１日（10:30〜17:00 / お昼休憩 1時間 / 5.5時間）コース日程2015年6月19日（金）研修会場福岡県Ruby・コンテンツ産業振興センター 5F セミナールームC〒812-0013 福岡市博多区博多駅東1-17-1 福岡県福岡東総合庁舎5階持参するもの筆記用具受講料一般料金　50,000円(税抜)&nbsp;AIPメーリングリスト会員　30,000円(税抜)AIP会員　 24,000円（税抜）&nbsp;FISA・UOS・F&minus;Ruby会員　27,000円(税抜)お支払い方法お申し込み確認後、振込先及び振込金額をお知らせいたしますので 原則として前日までにお支払いください。また企業でのお申し込みの場合、開催月締め翌月末払いでのご請求処理も可能です。備考教室内でのご自身の機器（ノートPCなど）のご使用は自由です。（無料WiFi有）※本講座へのお申込みは終了いたしました。&nbsp;","/course/archives/4","1","0.5","2015-06-25 10:51:59","2015-06-25 11:32:31"
"51","ブログ","BlogPost","26","講座","お知らせですお知らせですお知らせですお知らせです","概要です概要です概要です概要です概要です お知らせですお知らせですお知らせですお知らせですお知らせですお知らせですお知らせですお知らせですお知らせですお知らせですお知らせですお知らせですお知らせですお知らせですお知らせですお知らせですお知らせですお知らせですお知らせですお知らせですお知らせですお知らせですお知らせですお知らせですお知らせですお知らせですお知らせですお知らせですお知らせですお知らせですお知らせですお知らせですお知らせですお知らせですお知らせですお知らせですお知らせですお知らせですお知らせですお知らせです","/staff-blog/archives/4","1","0.5","2015-06-25 14:04:39","2015-09-26 15:53:39"
"54","ブログ","BlogPost","29","マネジメント","【初開催！】実体験で経営を学ぶ〜マネジメントゲーム講座","講座についてどんなに素晴らしいアイディアや、夢があったとしても、ビジネスとして成り立たなければ存続はもとより、スタート自体も難しいです。AIPではスタートアップ支援(コミュニティ支援)や、社内での新規構築ビジネスに関する講座等をこれまでも行ってきましたが、新たに経営に関して実体験を通じて学ぶことのできる「マネジメントゲーム講座」をご提供いたします。マネジメントゲームを通じて、「会社」というものを、「経営」「経理」というものを、実際に経営者にならないと体験できない部分を疑似体験することができます。ソフトバンクの孫社長もマネジメントゲームの効果を高く評価しています。（※参考資料参照）「本当に私自身がソフトバンクを創業してから何度となくMGのあの時の戦い方の感じからすると、新しいソフトバンクの商品の料金プランはこうすべきだ（と考えてきた）」経営・経理を単なる知識ではなく、実践を通して学びたい方に最適の講座です。起業を目指している方、経営者・経営幹部の方、これから社内のコアメンバーとして期待する社員の方等には必須といってもいい内容ですが、新入社員や経理スタッフにも十分効果がある講座となっています。※急遽実施することになりました初開催講座のため、特別価格にてご提供させて頂きます！マネジメントゲームとはマネジメントゲームとは、経営シミュレーションを通して経営戦略・経営用語をゲーム感覚で学ぶことができるビジネスゲームのことです。昭和51年に西順一郎氏がソニーCDIで開発した経営教育の手法で、チームで行うのではなく「一人経営」型を取るもので、そのために負荷は大きいですが効果も抜群なものです。講座では「モノポリー」「人生ゲーム」「プレイボス」等をベースにした企業ミニチュアを使用します。「会社」というものがひとつの盤に収まって具体的に目に見える形になることが大きな特徴です。また「情報システム」として企業会計原則・原価計算基準を本格採用したアカデミックな会計システムを備えているのも特徴です。&nbsp;さらに、ゲームに思想と科学と作者の企業体験を盛り込むことで、受講者は企業の大ワク、利益の構造、活きた経営学、活きた会計学をみにつけることができます。知識教育ではなく、能力の涵養を主眼とするため、「理入（知識教育）」ではなく、「行入（体験学習）」を基本としています。前述の通り、マネジメントゲームはチームで行うものではなく、一人の力で会社を複数期運営していくものです。すべてを自分で意思決定しいくため、会社、経営・経理というものの隅々まで目を配らせ、理解することができます。すでに経営者・経営幹部の方々でも、実際に会社・経営の隅々まで理解することは難しいものです。マネジメントゲームでは自身の関わる会社・経営のさらなる理解のためにも非常に効果があるものです（現実世界よりも厳しい・難しい、とおっしゃる経営者の方もいらっしゃいます）。教育効果マネジメントゲームがもっている科学的な教育システムは、全員経営を目指し、個人個人を育成し、会社を強くするものです。２日間の講座では、すべての人がたった１人で５期の会社経営を行いますが、落ちこぼれを作らないものになっています。経営者、経営幹部から新入社員まで、自分のレベルに合わせた自己鍛錬が可能です。会社の仕組み、営業センス、決算処理など、会社経営の流れを一通りすべて経験し、体感することで経営者感覚を磨いていくことができます。マネジメントゲームを通じて、以下の用語を実際に体験し、学ぶことができます。企業方程式損益分岐点F（経費）F4（戦略費）リスクカード・得損減価償却自己資本比率中間決済はなぜするのか？G（営業G・経常G・純G）次繰分析は移動年計Q up 5 原則また経営計画書を作成できるようになります。マネシメントゲームはゲーム中と決算処理中との2部1セットで1期（1年分）になっています。利益を出すために必要な経営計画の作成は、「経営は逆算である」の考えのもの自分で行います。また、ゲーム途中で行う中間決算の結果からの決算予測の立て方などを実践することで、自社の経営の大いに役立つ知識が身につきます。講座では、2日で5年分の会社経営を行うことができます。様々な戦略、戦術に挑戦してたくさんの失敗をし、会社を倒産させながら、数多くの学びを得ることができます。マネジメントゲームでの学びは以下のように言われています。25期　・・・　経理がわかる50期　・・・　経営がわかる75期　・・・　戦略がわかる100期　・・・　人間が変わるまずは2日間の5期、実際に体験されてみてはいかがでしょうか。参考資料ソフトバンクアカデミア特別講義　孫氏によるマネジメントゲームについて（ustream）その１ソフトバンクアカデミア特別講義　孫氏によるマネジメントゲームについて（ustream）その２内容1日目?　 &nbsp;9:30　講座開始　10:00　1期開始　11:00　マトリックス（決算）　12:00　昼食　13:00　2期開始　14:00　マトリックス　15:00　3期開始　16:00　マトリックス　17:00　戦略講義／&nbsp;経営計画　18:30　解散　19:00　交流会(参加任意：実費)　21:00　交流会終了　2日目?　 &nbsp;9:30　4期開始　10:00　経営計画／中間決算　11:00　マトリックス　12:00　昼食　13:00　ビジネスパワー分析　14:00　5期開始　15:00　マトリックス　16:00　講義　18:00　解散講師内海 和憲 氏株式会社ヒューマングループ 代表取締役1950年生まれ。大学卒業と同時にヒッチハイクで世界一周。佐世保交通産業入社（現ヒューマングループ）後、徳田虎雄理事長と出逢い、全力投球とネバーギブアップの精神を学ぶ。1989年、社団法人佐世保青年会議所 第36代理事長。同年、ヒューマングループ代表取締役に就任。代表就任後は、全員経営・全員コンピューターを合い言葉にマネージメント進化を開始し、様々な人やものごととの出逢いに学びを得ながら経営ノウハウへと展開していく。1995年、法務大臣より感謝状を授与。2001年、情報化促進貢献企業等表彰、経済産業大臣表彰。2003年、全指連第6次長期ビジョン幹事長（46都道府県訪問）。趣味はトライアスロンチャレンジ！グループが創立60周年を迎えた2013 年、ハワイトライアスロンへチャレンジし、みごと完走。2013年12月佐世保市教育委員就任、2014年3月第5代目佐世保青年会議所OB会会長に就任。&nbsp;吉原 英令 氏ピー エム シー マイブレーン　代表1953年生まれ。九州大学法学部卒業。1986年マネジメントゲームのインストラクター習得、マネジメントゲーム研修の定期開催を開始。1990年中小企業診断士(商業部門)を取得、同年地域密着型のコンサルティングを目的として、「ＰＭＣト―タルマネジメント（現PMCマイブレーン）」を設立。長崎地方裁判所佐世保簡易裁判所民事調停委員、販売士二級、三級の養成講習会講師（長崎県立大学佐世保校）。&nbsp;対象・前提知識経営者、経営幹部、起業予定者、経営に関する知識を身に付けたい方 等概要コース日数2日コース日程2015年8月8日（土）〜8月9日（日）研修会場福岡県Ruby・コンテンツ産業振興センター 5F セミナールーム〒812-0013 福岡市博多区博多駅東1-17-1 福岡県福岡東総合庁舎5階持参するもの筆記用具受講料　※初回実施講座のため、特別価格にてご提供させていただきます一般料金　100,000円(税抜)　&rarr;　60,000円(税抜)&nbsp;AIPメーリングリスト会員　60,000円(税抜)　&rarr;　50,000円(税抜)AIP会員　 48,000円(税抜)　&rarr;　45,000円(税抜)&nbsp;FISA・UOS・F&minus;Ruby会員　54,000円(税抜)　&rarr;　47,000円(税抜)?　※次回開催からは通常価格にての実施になります。お支払い方法お申し込み確認後、振込先及び振込金額をお知らせいたしますので 原則として前日までにお支払いください。また企業でのお申し込みの場合、開催月締め翌月末払いでのご請求処理も可能です。備考1日目の昼、2日目の昼についてはお弁当をご用意いたします。1日目の夜に受講者と講師、スタッフとの交流会(参加任意：実費)を行います。本講習を申し込む","/course/archives/5","1","0.5","2015-07-25 12:42:25","2015-09-26 14:53:44"
"56","ブログ","BlogPost","31","ファシリテーション","プロジェクト・ファシリテーション入門講座","講座についてプロジェクト・マネジメント(PM)が重要であることは多くの企業が理解していることですが、マネジメントだけでなく、体系化したプロジェクト現場を活性化させる為のプロジェクト・ファシリテーション(PF)の重要性が近年高まってきています。PMは成果を計画的に出して行く為の技術ですが、PFはプロジェクト現場を活性化し、モチベートし、協調関係を作る為に必要な技術です。プロジェクト・ファシリテーションの定義については下記リンクをご覧ください。　　●プロジェクト・ファシリテーションとは？&nbsp;　(オブラブ様のHPが開きます)講座内容当講座では、プロジェクト・ファシリテーター協会様よりご協力を頂き、プロジェクトをマネジメントする上で、マネージャやリーダーがチームに対してどのようにかかわるか、プロジェクト・ファシリテーションの視点から意識すべき点や具体的な方法を習得します。具体的な技術とその実践例の紹介と解説は座学を中心に行い、その内容を実践的に得るために体験型の演習を交えて行います。当講座を受講することで、プロジェクト・ファシリテーションの基礎を理解し、実際に実践できる知識を習得できます。内容詳細プロジェクト・ファシリテーションの基礎目的と役割、基本的な考え方価値や原則についてプロジェクト・ファシリテーションの活動代表的なプラクティスの紹介（かんばん、バーンダウンチャート、ふりかえり、朝会、その他）実践例の紹介実施時の課題と解決のためのポイントプロジェクトファシリテーションの実践プラクティス実践練習コミュニケーション技法の練習感覚的な能力を利用する練習　▼テキスト前回使用テキスト（PDFでご覧になれます）　▼講座内容参考サイトプロジェクト・ファシリテーター協会プロジェクト・ファシリテーター協会（Facebook）オブラブ&nbsp;- プロジェクトファシリテーションとはオブラブ - プロジェクトファシリテーション価値と原則編（PDF）オブラブ - プロジェクトファシリテーション実践編（PDF）参加された方の声午前中に座学、それを受けての午後からの実践でスムーズに理解が進んだ。感覚的にも学ぶことができた。「例の出し方」「質問への返し方」がとても参考になった。そのおかげで考えることが多くなり、良かった。目的&rarr;アプローチ&rarr;効果と体系化された内容で理解しやすかった。マネージャーをしていますが、なかなかメンバーのモチベーションが上がらず悩んでいました。これは人として人の心を動かし、楽しめるような考えが少ないからと分かりました。プロジェクトマネジメントを勉強中です。プロジェクトマネジメントだけでは味気なく、チームの力をより引き出すには何か違うと思っていたところで、プロジェクトファシリテーションを知れて大変ラッキーでした。業務に取り入れるのにお金がかかるわけではないので、今回学んだ手法はすぐに役立つと思います。　&nbsp;講師松本　潤二 氏プロジェクト・ファシリテーター協会 理事長 松本 潤二 氏1969年生まれ。2002年にアジャイルプロセス協議会運営委員、2007年に日本コーチ協会東京チャプターの幹事（代表幹事[2007])を務める。コーアクティブ・コーチングの認定資格(CPCC)を有する。2010年にプロジェクト・ファシリテーター協会を設立し理事長に就任、質の高いプロジェクト・ファシリテーターの育成を目的に活動する。現在はシステム開発のプロジェクトに参画し、プロジェクト・ファシリテーションの実践、導入や改善のコンサルティング、セミナーや、ワークショップを行う。対象・前提知識現在の状況に閉塞感を感じている方、よりよくしたいと思っている方プロジェクトメンバーや上司、お客様などとの関係を改善したい方プロジェクトを成功するための方法を探している方人材育成に携わっている方プロジェクト・ファシリテーターとして活動したい方プロジェクト・ファシリテータ認定取得を目指している方　※複数人が関わるプロジェクトチームに所属し、　　リーダーやマネージャおよびその候補者に最適です。概要コース日数１日（10:30〜17:00 / お昼休憩 1時間 / 5.5時間）コース日程2015年9月5日（土）研修会場福岡県Ruby・コンテンツ産業振興センター 5F 会議室5〒812-0013 福岡市博多区博多駅東1-17-1 福岡県福岡東総合庁舎5階持参するもの筆記用具受講料一般料金　50,000円(税抜)&nbsp;AIPメーリングリスト会員　30,000円(税抜)AIP会員　 24,000円（税抜）&nbsp;FISA・UOS・F&minus;Ruby会員　27,000円(税抜)お支払い方法お申し込み確認後、振込先及び振込金額をお知らせいたしますので 原則として前日までにお支払いください。また企業でのお申し込みの場合、開催月締め翌月末払いでのご請求処理も可能です。備考教室内でのご自身の機器（ノートPCなど）のご使用は自由です。（無料WiFi有）本講習を申し込む&nbsp;","/course/archives/6","1","0.5","2015-08-07 10:11:47","2015-09-26 14:53:14"
"59","ブログ","BlogPost","34","講座","実践型ICT人材育成講座 〜 全11回","講座情報が入ります","/course/archives/7","1","0.5","2015-08-18 11:02:36","2015-09-26 15:27:07"
"60","ブログ","BlogPost","35","マネジメント","SEのための新規ビジネス構築講座","講座について国内のIT市場は、２０１５年問題や景気回復の影響で、かなりの人不足状態にあります。しかし、２０１８年以降を遠望すると、従来型の大型案件が一段落し、再び人余り状態になるのは各方面の予測が一致するところです。この数年の好況を好機と捉え、来るべき「新しいITの時代」への準備に着手する時期は、今をおいて他にありません。新しいITのキーワードは、「クラウド・モバイル・ビッグデータ・ソーシャル・Iot・AI」です。従来の技術に加え、これらの技術を身につけることで、受託型ビジネスを、より強固にしていくことができます。この講座では、日々業務にあたっているSEの方々が、大きな投資をせずに、今現在持ってる技術を活かしながら、新規事業に取り組んでいく方法をお伝えします。可能性は、既に皆さんの中にあります。この講座を通じて、その可能性を一緒に発見していきましょう。講座内容この講座は、SE（システムエンジニア）だけでなく、経営者や営業や新規事業を企画する立場の方も対象です。新規事業の職にあろうとなかろうと、現状を一歩進めて、新しいチャレンジをしたいという「志（少しで構いません）」を持った方に受講いただければと思います。新規事業というと「&rdquo;新しい顧客&rdquo;に、&rdquo;新しい技術&rdquo;を提案していく」、と考えがちですが、この講座では「従来の取引範囲」の中で「新しい市場」を獲得したり、創造したりする方法を学びます。IT業界のみならず、全ての産業が、同じ経済情勢の中で必死に経営努力を続けています。そこには、新しいITをからめた提案による現状打開が必要です。そのきっかけを作るのは、今現在、ITの世界に従事している「あなた自身」に他なりません。これからの企業経営改革は、経営者だけのものではなく、会社に属する全ての者の使命です。経営者、社員、それぞれ単独で「行き詰って」いることでも、志を高め、協力し合っていくことで、必ず現状を打開できます。自分の中に既にある「新しい価値を提案できる人材としての資質」を、一緒に発見していきましょう。内容詳細準備段階脳はだますもの 〜ヤル気の仕組み〜可能思考〜ラフにアウトプット 〜とにかく書き出すこと〜マーケティング編市場(マーケット)を考える 〜市場を発見する〜市場への即時対応を考える&nbsp;〜協力者(Collabolator)を見つける〜新事業内容の構築編新事業のアイデア 〜考えるトレーニング〜グループでブラッシュアップ 〜周囲の協力〜何が不足しているか、どう短期間で補完するか〜外部連携の重要性を知る〜ソーシャルメディア編人脈をつくる 〜Facebookの本格活用〜社内理解を得るためには 〜折れない心〜講師森 俊英 氏グローバルブレインズ株式会社 代表取締役社長同社は、エンタープライズ関連の受託開発に加え、各種ITコミュニティとの繋がりもとにWeb・モバイル、クラウドと、新規事業ドメインを展開中。ベンチャーではない「普通の地域IT企業」だからこそできる、新規事業への取り組みの「ロールモデル」となるべく、小粒ながら「エリア総合IT企業No.1（独立系）へ」をスローガンに掲げ事業推進中。地域貢献活動にも取り組んでおり、「ふくおかクラウドアライアンス（2012年8月発足）」を中心に、地域のIT利活用活動を推進中。※一社）福岡県情報サービス産業協会（FISA）の事業の一部【ブログ】毎日走るIT社長のブログ【主な外部団体活動】一社）クラウド利用促進機構（CUPA）ビジネスアドバイザ福岡県Ruby・コンテンツビジネス振興会議（福岡県）：顧問一社）福岡県情報サービス産業協会（FISA）：ビジネス開発委員長AIP（NPO）：事業推進副委員長Rubyビジネスコモンズ(NPO)：監事軽量Rubyフォーラム（NPO）：監事Jaws&minus;UG福岡：副代表Jaz&minus;UG福岡（ふくあず）：副代表福岡ITコーディネータ推進協議会：理事対象・前提知識「現状打破したい」という志を少しでも持っている方（年齢は問いません）facebookを人脈形成に使えないか、と考えている方概要コース日数１日（10:00〜17:00 / お昼休憩 1時間 / 6時間）コース日程2015年9月30日（水）研修会場AIMビル 7F セミナールーム北九州市小倉北区浅野1&minus;3&minus;7階※地下有料駐車場があります(詳細はこちらから)持参するもの筆記用具受講料15,000円(税抜)／16,200円(税込)※当講座は「実践型ICT人材育成講座〜全11回講座」での開催講座になりますので、通常価格より大幅に割引いた形でのご提供になります。※上記より、通常実施しております、各種割引については適用されませんので、予めご了承ください。お支払い方法お申し込み確認後、振込先及び振込金額をお知らせいたしますので 原則として前日までにお支払いください。また企業でのお申し込みの場合、開催月締め翌月末払いでのご請求処理も可能です。備考教室内でのご自身の機器（ノートPCなど）のご使用は自由です。本講習を申し込む&nbsp;","/course/archives/8","1","0.5","2015-08-24 17:22:43","2015-09-26 15:27:34"
"61","ブログ","BlogPost","36","マーケティング","今こそマスター マーケティング＆コンサル","講座について良いものを作れば売れる、という時代は終わっており、市場やユーザを把握、見据えてこそサービスは成り立ちます。インターネットの力が大きくなったとはいえ、古典的なマーケティングの知識は土台として必要であり、講座では基礎からソーシャルと利用したマーケティングまで幅広くかつ、豊富な事例をもとに学びます。講座内容単にシステムやサービスを提案する営業ではなく、お客様の問題解決を真にできる営業・コンサルに必要な知識・スキルを身につける講座です。古典定期なマーケティング知識から、最新のソーシャルを利用したマーケティングまで幅広く学べ、ひとつ上の営業・コンサルを目指す上で必要となる知識やポイントも学ぶことができます。コンサルティング経験豊富な現役コンサルが講師として、様々なケースを例に講座を行います。内容詳細マーケティング基礎マーケティングの定義マーケティングの基礎知識マーケティング実践マーケティング戦略マーケティング戦略〜立案のプロセス営業とコンサルの違いコンサルへのキャリアパスソーシャルメディアマーケティングソーシャルメディアとはソーシャルメディア活用事例&nbsp;-Facebook、Twitter、Ustream、youtube等提案作成のポイント効果的な提案書の書き方提案書作成演習講師杉山 隆志 氏株式会社cotode 代表取締役社長特定非営利活動法人AIP 事業担当理事アクセンチュア(11年) 〜 アビームコンサルティング(4年) 〜フライトシステムコンサルティング(5年)を経て現職。元々は自治体向けのシステムコンサルティングを中心に活動しており、小規模から大規模な様々なプロジェクトに参画。1,000人規模のプロジェクトマネージャーも経験。その後、フライトシステムコンサルティング内に、クリエイティブブランドS:III:Sを設立し、iPhone,Twitter等で楽しいサービスを積極的に展開。(iPhone Radio,ツイッタークライアントTweetMe 、大名なう #daimyo 等々)その後、福岡から世界に向けたサービスを世に問うために独立。 地方から日本を変えるをテーマに様々な地域ITコミュニティを支援。その一環として、NPO法人AIPの事業担当理事を務め、各種コミュニティ支援のための拠点AIPカフェを設立、運営中。天神・大名WiFi化、大名なうなどの活動は新聞・TVで地域ITコミュニティによる地域おこしの活動例として、情報通信白書・NHKや各種新聞など多種のメディアに取り上げられる。その後、武雄市における日本初の武雄市役所のホームページFaceBook化や自治体特選ストアなどのコンサルテーションを手がけ、現在は前武雄市長樋渡啓祐氏の樋渡社中にも関与。地域創生に今までの経験を活かし従事中。対象・前提知識マーケティングの基礎知識を習得したい方?現在主流のソーシャルメディアマーケティングについて知識を得たい方効果的な営業方法・提案書等を習得したい方概要コース日数１日（10:00〜17:00 / お昼休憩 1時間 / 6時間）コース日程2015年10月9日（金）研修会場AIMビル 7F セミナールーム北九州市小倉北区浅野1&minus;3&minus;7階※地下有料駐車場があります(詳細はこちらから)持参するもの筆記用具受講料15,000円(税抜)／16,200円(税込)※当講座は「実践型ICT人材育成講座〜全11回講座」での開催講座になりますので、通常価格より大幅に割引いた形でのご提供になります。※上記より、通常実施しております、各種割引については適用されませんので、予めご了承ください。お支払い方法お申し込み確認後、振込先及び振込金額をお知らせいたしますので 原則として前日までにお支払いください。また企業でのお申し込みの場合、開催月締め翌月末払いでのご請求処理も可能です。備考教室内でのご自身の機器（ノートPCなど）のご使用は自由です。本講習を申し込む&nbsp;","/course/archives/9","1","0.5","2015-08-24 18:01:16","2015-09-26 14:53:56"
"63","ブログ","BlogPost","38","イベント","9/12[土]開催！アイドルをハックする『アイドルハッカソン』 〜ハードウェア＆ソフトウェア　異分野を繋いでいくミートアップ〜 のお知らせ","ハードウェアだけを作るのでも、ソフトウェアだけを作るのでもなく、両方の技術をつないでいくために頭を絞るハッカソン(Hackthon)を開催します！ ハート?ウェア、ソフトウェアなと?の分野関係なく、仕事とも関係なく、たた?、たた?自分の興味ある分野や技術を試してアイドルをハックして何かを作りたい人に向けたハッカソン (Hackthon) の開催か?決定しました!また、そんな作りたくて、作りたくてしょうか?ない人達に向け、 ハート?ウェアの分野においては、会場に機材等を準備しますのて?、思う存分堪能くた?さい。機材についてはコチラを参照くた?さい。ハッカソン（Hackathon）とは「ハック（Hack）」と「マラソン（Marathon）」とを組み合わせた造語です。プログラマーなどが集まって、一人で黙々と作成するのも良し、グループを組んで作成するのも良しで、短期集中的にプログラムを作成して、新規性のある製品やサービスを開発したりする催し物になります。今回のテーマ「アイドル」をテーマとして、アイドルの可能性を拡げるハッカソンになります。「ファッション」&times;「アイドル」「アート」&times;「アイドル」「アクセサリー」&times;「アイドル」「テクノロジー」&times;「アイドル」など8/29[土]に「アイデアソン編」と称して、アイドル達と一緒にアイデアを出し合いましたが、改めてアイデアを考える時間も設けてますので、前回参加頂けなかった方でも参加できます！！＊追加情報があり次第随時更新してお知らせいたします。参加アイドル現時点の参加アイドル(予定)です。＊随時更新＊メンバー全員が参加ではありませんのでご注意ください。ヒペリカム(フラワードール)彩愛スマイルzero-dash開催概要日時2015年09月12日(土)　開始10:00〜(受付開始 9:30〜)会場TKPガーデンシティ天神住所福岡県福岡市中央区天神2-14-8 福岡天神センタービル 8Fアクセスhttp://www.kashikaigishitsu.net/facilitys/gc-tenjin/access/対象エンジニア、デザイナーなどのスキルをお持ちの方参加費無料募集人数30名主催福岡市運営特定非営利活動法人 AIP、特定非営利活動法人 QUEST後援九州朝日放送(KBC)協力龍玉会、Amazon Web Service、株式会社 アプレッソお申し込み先申込みページコチラより持参するもの開発に必要なパソコン、開発環境をご持参ください。会場側で準備する機材http://bit.ly/1tvAL3F注意事項他の参加者に迷惑や不快な思いをさせる方などはご退席いただくことがあります。日程とタイムスケジュール&nbsp;※内容は変更になることがあります。※定員達した場合は入場制限をさせて頂くことがあります。09:30〜開場10:00〜オープニング10:10〜アイデア出し or アイデア絞り11:00〜チームビルディング11:30〜アイデア発表(開発予定企画の発表)12:00〜昼食13:00〜ハッキングタイム19:00〜移動(大橋Cityボウル)19:30〜発表会(ライブ含む) &amp; 交流会〜21:00終了前回アイデアソン時の様子8/29[土]に「アイデアソン編」と称して、アイドル達と一緒にアイデアを出し合った様子です。アイドル&times;ITで福岡をもっと楽しくしよう！ 「アイドルアイデアソン」を開催しました！&nbsp;＊改めてアイデアを考える時間も設けてますので、前回参加頂けなかった方でも参加できます！！","/news/archives/10","1","0.5","2015-09-02 22:49:04","2015-09-26 14:58:53"
"65","ブログ","BlogPost","40","カテゴリB","山田 次郎 氏","コンテンツ・ディレクター(ワークス・ワークス所属)1980年後期より広告制作会社にてディレクターとして導入。説明文が入ります。説明文が入ります。説明文が入ります。説明文が入ります。担当講座今日からはじめるWeb講座 〜入門講座〜iOSアプリ開発入門講座iOSアプリ開発実践講座","/teacher/archives/4","1","0.5","2015-09-26 14:48:02","2015-09-26 14:48:20"
"66","ブログ","BlogPost","41","カテゴリB","田中 べっしー 氏","コンテンツ・ディレクター(ワークス・ワークス所属)1980年後期より広告制作会社にてディレクターとして導入。説明文が入ります。説明文が入ります。説明文が入ります。説明文が入ります。担当講座今日からはじめるWeb講座 〜入門講座〜iOSアプリ開発入門講座iOSアプリ開発実践講座","/teacher/archives/5","1","0.5","2015-09-26 14:48:36","2015-09-26 14:48:56"
