"id","blog_content_id","no","name","content","detail","blog_category_id","user_id","status","posts_date","content_draft","detail_draft","publish_begin","publish_end","exclude_search","eye_catch","created","modified"
"1","1","1","サイトをリニューアルしました","","<p>サイトをリニューアルしました。</p>

<p>開催する講座について、これまで以上に内容を分かりやすくお伝えすると共に、AIPが誇る講師群の紹介を充実させました。</p>

<p>また、講座以外のAIPの活動が伝わりにくかったのですが、今後は報告出来るサイトとなりましたので、逐次報告していきたいと思います。</p>

<p>&nbsp;</p>

<p>今回のサイトリニューアルは、長年AIPへ支援をいただいている<a href=""http://cgfm.jp/"" target=""_blank"">合同会社CGFM</a>の金内 透さん、和子さんに担当いただきとても素敵なAIPらしいサイトとなりました。この場を借りてお礼を申し上げます。</p>

<p>また、CMSには地元福岡発の「<a href=""http://basercms.net/"" target=""_blank"">BaserCMS</a>」を利用させていただいています。あわせて、開発元の<a href=""http://baserfoundation.org/"" target=""_blank"">NPO法人ベーサー・ファウンデーション</a>関係者の皆さんにもお礼を申し上げます。</p>

<p>&nbsp;</p>

<p>生まれ変わったAIPのサイトをどうぞよろしくお願いします。</p>","17","1","1","2015-06-17 22:14:00","","","","","","2015/09/00000001_eye_catch.png","2015-02-03 22:14:19","2015-09-26 15:28:07"
"2","3","1","山田 太朗 氏","","<p>コンテンツ・ディレクター(ワークス・ワークス所属)</p>

<p>1980年後期より広告制作会社にてディレクターとして導入。<br />
説明文が入ります。説明文が入ります。説明文が入ります。説明文が入ります。</p>

<p>担当講座</p>

<ul>
	<li>今日からはじめるWeb講座 〜入門講座〜</li>
	<li>iOSアプリ開発入門講座</li>
	<li>iOSアプリ開発実践講座</li>
</ul>","6","1","1","2015-03-26 13:21:33","","","","","","2015/09/00000001_eye_catch.png","2015-03-26 13:22:56","2015-09-26 14:47:56"
"3","3","2","部差 紙絵夢絵素 氏","","<p>webデザイナー</p>

<p>テキストが入りますテキストが入りますテキストが入りますテキストが入ります<br />
テキストが入りますテキストが入りますテキストが入りますテキストが入ります<br />
テキストが入りますテキストが入りますテキストが入りますテキストが入ります</p>

<p>担当講座</p>

<ul>
	<li>HTML5入門講座</li>
	<li>HTML5実践講座</li>
</ul>","6","1","1","2015-03-26 13:00:00","","","","","","2015/09/00000002_eye_catch.png","2015-03-26 13:29:56","2015-09-26 14:45:08"
"4","3","3","江頭 竜二 氏","","<p>キャッチアップ株式会社 プログラマー兼代表</p>

<p>テキストが入りますテキストが入りますテキストが入りますテキストが入ります<br />
テキストが入りますテキストが入りますテキストが入りますテキストが入ります<br />
テキストが入りますテキストが入りますテキストが入りますテキストが入ります</p>

<p>担当講座</p>

<ul>
	<li>baserCMS開発講座</li>
	<li>baserCMSテーマ制作講座</li>
</ul>","6","1","1","2015-03-26 13:00:00","","","","","","2015/09/00000003_eye_catch.jpg","2015-03-26 13:32:38","2015-09-26 14:44:47"
"14","2","1","今日からはじめるUnity講座　〜ビジネスアプリのための入門講座〜","","<section>
<h2>講座について</h2>

<p>当講座では、ゲーム・モバイル分野のみならず、幅広い環境で利用が急激に拡大しているUnityについて、導入から実際の開発での使用までを学びます。 Unityを利用することで、これまで進出できなかった分野への拡大や、開発効率の向上などが期待できます。<br />
本講座では、講座によって以下の内容を学びます。</p>
</section>

<section>
<h2>内容</h2>

<div class=""frame1"">
<h3>1日目</h3>

<ol>
	<li>Unityとは？
	<ul>
		<li>3D-CG制作機能はないゲームエンジン</li>
		<li>スマートフォン用必須のゲームエンジン</li>
		<li>複数の言語開発が可能</li>
		<li>ビジネスアプリの到来</li>
	</ul>
	</li>
	<li>開発環境
	<ul>
		<li>Mac OS / Windows OSでの環境</li>
		<li>言語の選択(C# / Javascript / Boo)</li>
		<li>3D-CGツール種類(Maya / 3dsMax / Lightwave / modo)</li>
		<li>iOSおよびAndroid用開発SDK</li>
		<li>標準版(無料)とプロ版(有料)</li>
		<li>Unity Remote</li>
	</ul>
	</li>
	<li>必要な制作スキル
	<ul>
		<li>プログラミングのスキル</li>
		<li>3D-CGのスキル</li>
		<li>企画のスキル</li>
	</ul>
	</li>
	<li>実践その１
	<ul>
		<li>SDKの仕組みと解説</li>
		<li>MonoDevelopを使った簡単なスクリプトの入力とプレビュー</li>
		<li>関数、変数およびイベントの基礎スクリプト</li>
		<li>オーバーライド関数の使い方</li>
		<li>イベントハンドラーのいろいろ</li>
		<li>Game Objectの操作</li>
		<li>sceneの作成と操作</li>
		<li>camera objectの操作</li>
		<li>ダイナミクス(物理運動)の適用</li>
	</ul>
	</li>
</ol>

<h3>2日目</h3>

<ol>
	<li>ボーリング・ゲームを作ってみよう！</li>
	<li>住居のレイアウトのプロモーション・ツールを作ってみよう！</li>
	<li>ARを使った実際の商品プロモーション紹介</li>
	<li>知育玩具や教材の可能性</li>
	<li>iOS / Androidアプリ制作時のアドバイス</li>
</ol>
</div>
</section>

<section>
<h2>講師</h2>

<p class=""teacher-name"">コンテンツ・ディレクター(スカンク・ワークス所属) 井上 祐司 氏</p>

<p>1980年後期よりCM・広告制作会社にてCMディレクターとしてMacintoshを用いた制作を導入。<br />
以後今日まで、CG / CM / VP / TV / Web / ゲームなど幅広い制作業務を行う。<br />
近年は、本来の映像制作とともにiOSアプリやWebゲームなどをリリースし、Unityを使ったコンテンツ制作も積極的に行っている。<br />
映像系の専門学校や大学の非常勤講師でもあるプログラミングに強い異色の映像ディレクター。</p>
</section>

<section>
<h2>対象・前提知識</h2>

<p>Unityの基礎と導入方法を学びたい方<br />
Unityを教育に導入したいと考えている方<br />
何かしらの言語での開発経験があると理解がしやすいです</p>
</section>

<section>
<h2>概要</h2>

<table class=""table-sp"">
	<tbody>
		<tr>
			<th>コース日数</th>
			<td>２日（10:30〜17:00）</td>
		</tr>
		<tr>
			<th>コース日程</th>
			<td>2014年12月11日（木）〜12月12日（金）</td>
		</tr>
		<tr>
			<th>研修会場</th>
			<td>福岡県Ruby・コンテンツ産業振興センター 5F セミナールーム<br />
			〒812-0013 福岡市博多区博多駅東1-17-1 福岡県福岡東総合庁舎5階</td>
		</tr>
		<tr>
			<th>持参するもの</th>
			<td>筆記用具</td>
		</tr>
		<tr>
			<th>受講料</th>
			<td>
			<p>一般料金　100,000円(税抜)<br />
			AIP会員　42,000円（税抜）</p>
			</td>
		</tr>
		<tr>
			<th>お支払い方法</th>
			<td>お申し込み確認後、振込先及び振込金額をお知らせいたしますので 原則として前日までにお支払いください。</td>
		</tr>
		<tr>
			<th>備考</th>
			<td>
			<ul>
				<li>当日のセミナーに関する機器はご用意いたします。</li>
				<li>教室内でのご自身の機器(ノートPCなど)は講師の指導対処外となりますので予めご了承ください。また、実際に作成された内容をお持ち帰り頂くことが可能です。ご希望の方はUSBメモリをご用意ください。</li>
			</ul>
			</td>
		</tr>
	</tbody>
</table>
</section>

<p><u style=""color: rgb(255, 0, 0); font-size: 20px;""><strong>※本講座へのお申込みは終了いたしました。</strong></u></p>","14","1","1","2015-03-27 15:23:01","","","","","","","2015-03-27 15:35:44","2015-06-25 11:23:30"
"19","4","1","FUKUOKA, England, MIYAZAKIから集合のモクモグランチ[2015/05/21]","","<p><span style=""color: rgb(20, 24, 35); font-family: helvetica, arial, 'lucida grande', 'hiragino kaku gothic pro', meiryo, 'ms pgothic', sans-serif; font-size: 14px; line-height: 19.3199996948242px;"">2015年5月21日も福岡、イギリス、宮崎と多様多種な方々がモクモグランチに参加いただきました。</span></p>

<p><span style=""color: rgb(20, 24, 35); font-family: helvetica, arial, 'lucida grande', 'hiragino kaku gothic pro', meiryo, 'ms pgothic', sans-serif; font-size: 14px; line-height: 19.3199996948242px;"">ありがとうございました！</span></p>","16","1","1","2015-05-24 16:41:59","","","","","","2015/09/00000001_eye_catch.jpg","2015-05-24 16:45:58","2015-09-26 15:39:16"
"21","4","2","お知らせです","","<p>お知らせが入ります。お知らせが入ります。お知らせが入ります。お知らせが入ります。</p>

<p>お知らせが入ります。お知らせが入ります。お知らせが入ります。お知らせが入ります。</p>

<p>お知らせが入ります。お知らせが入ります。お知らせが入ります。お知らせが入ります。</p>","18","1","1","2015-06-01 10:37:04","","","","","","","2015-06-01 10:52:53","2015-09-26 15:40:08"
"22","4","3","AIPcafeのお知らせです","","<p>お知らせですお知らせですお知らせですお知らせですお知らせですお知らせですお知らせです。<br />
お知らせですお知らせですお知らせですお知らせですお知らせですお知らせですお知らせですお知らせですお知らせですお知らせですお知らせですお知らせですお知らせですお知らせです。</p>

<p>お知らせですお知らせですお知らせですお知らせですお知らせですお知らせですお知らせです。</p>","19","1","1","2015-06-18 15:19:26","","","2015-06-18 15:30:00","","","","2015-06-18 15:31:51","2015-09-26 15:40:47"
"23","2","3","クラウドを使いこなす！〜システム管理者の為のDevOps講座","","<section>
<h2>講座について</h2>

<p>開発と運用の壁を取り払い、ITサービスの品質やリリースを格段に向上させる概念をDevOpsと言います。<br />
クラウド出現以降ITインフラ環境は劇的に変化し、開発環境は今までに無かった新しい手法が次々と生まれてきています。</p>

<p>DevOpsを活用すると、このようなクラウドインフラ環境を自動化させ開発とのシームレスなプラットフォームを作ることで新しい形のシステム管理が可能となります。<br />
しかし残念ながらそれらをうまく利用できている企業はほんのわずかであり、従来型のドキュメント指向での管理が中心となっているのが現状です。</p>

<p>本講座ではクラウドインフラ環境をモデルとして従来型のドキュメント指向ではなく、DevOpsで使われるInfrastructure as a Codeを中心にインフラ環境の自動化を実際に環境構築をしながら理解していきます。</p>
</section>

<section>
<h2>講座内容</h2>

<p>本講座は2部構成となっております。</p>

<p>第1部ではDevOpsを導入するための事前知識を付けて頂きます。<br />
社内への導入、顧客への提案をするための知識や導入モデルを理解し、ケースワークを通じて全体像を学習します。</p>

<p>第2部では実際にDevOpsツールを使って簡単なシステムを開発して頂きます。<br />
DevOpsツールは<a href=""http://www.skyarch.net/"" target=""_blank"">株式会社スカイアーチネットワークス</a>社が開発したOSSパッケージソフト<a href=""http://www.skyarch.net/devops/skyhopper.html"" target=""_blank"">SkyHopper</a>を利用します。SkyHopperはDevOpsでよく使われるアプリケーションであるChef、Zabbix、Serverspec、AWS CloudFormationの4つを連携させるためのツールで、実際にAmazon Web Services上にシステムを構築していきます。</p>
</section>

<section>
<h2>内容詳細</h2>

<div class=""frame1"">
<ol>
	<li>DevOps理論編
	<ul>
		<li>DevOpsについて</li>
		<li>コラボレーションの効果について</li>
		<li>スキルセット</li>
		<li>導入例</li>
	</ul>
	</li>
	<li>DevOps実践
	<ul>
		<li>クラウド導入</li>
		<li>DevOpsツール導入</li>
		<li>自動化基礎</li>
		<li>自動化応用</li>
	</ul>
	</li>
</ol>

<p>本講座終了後は簡単なDevOps導入相談会も行いますので、技術的なところ、導入に対しての不明点、実際に導入するためのコンサルティングなどご相談ください。</p>
</div>
</section>

<section>
<h2>講座資料</h2>
▼<a href=""http://www.skyarch.net/devops/skyhopper.html"" target=""_blank"">SkyHopper</a>デモ動画

<p><iframe allowfullscreen="""" frameborder=""0"" height=""315"" src=""https://www.youtube.com/embed/qC03j6iAQdo"" width=""420""></iframe></p>
▼テキストイメージ<span style=""font-size:12px;"">(※当日使用の資料とは一部異なる場合があります)</span>

<p><a href=""/files/uploads/devope001__large.png"" rel=""colorbox"" title=""devope001.png""><img align="""" alt=""devope001.png"" src=""/files/uploads/devope001__small.png"" /></a>&nbsp;<a href=""/files/uploads/devope002__large.png"" rel=""colorbox"" title=""devope002.png""><img align="""" alt=""devope002.png"" src=""/files/uploads/devope002__small.png"" /></a>&nbsp;<a href=""/files/uploads/devope003__large.png"" rel=""colorbox"" title=""devope003.png""><img align="""" alt=""devope003.png"" src=""/files/uploads/devope003__small.png"" /></a></p>
</section>

<section>
<h2>講師</h2>

<p style=""margin: 10px 0px 0px; white-space: pre-wrap; color: rgb(20, 24, 35); font-family: helvetica, arial, 'hiragino kaku gothic pro', meiryo, 'ms pgothic', sans-serif; font-size: 13px; line-height: 16.3090915679932px;""><span style=""font-size:18px;""><b>小島 淳 氏</b></span></p>

<p style=""margin: 10px 0px 0px; white-space: pre-wrap; color: rgb(20, 24, 35); font-family: helvetica, arial, 'hiragino kaku gothic pro', meiryo, 'ms pgothic', sans-serif; font-size: 13px; line-height: 16.3090915679932px;""><span style=""font-size: 16px;"">株式会社オルターブース 代表取締役 CTO / Microsoft Azure MVP</span></p>

<p style=""margin: 10px 0px 0px; white-space: pre-wrap; color: rgb(20, 24, 35); font-family: helvetica, arial, 'hiragino kaku gothic pro', meiryo, 'ms pgothic', sans-serif; font-size: 13px; line-height: 16.3090915679932px;""><span style=""font-size: 16px; line-height: 16.3090915679932px;"">メインフレーム系システムのSE/PMを経て、技術部門責任者としてフルマネージドサービスを提供する東京都内のMSPへ参画する。</span></p>

<p style=""margin: 10px 0px 0px; white-space: pre-wrap; color: rgb(20, 24, 35); font-family: helvetica, arial, 'hiragino kaku gothic pro', meiryo, 'ms pgothic', sans-serif; font-size: 13px; line-height: 16.3090915679932px;""><span style=""font-size: 16px; line-height: 16.3090915679932px;"">より質の高い運用マネジメントを提供する為に、コンサルティング部門を立ち上げ、シニアコンサルタントとして100社以上のWebシステム運用を手掛ける。</span></p>

<p style=""margin: 10px 0px 0px; white-space: pre-wrap; color: rgb(20, 24, 35); font-family: helvetica, arial, 'hiragino kaku gothic pro', meiryo, 'ms pgothic', sans-serif; font-size: 13px; line-height: 16.3090915679932px;""><span style=""font-size: 16px; line-height: 16.3090915679932px;"">フリーランスを経て2015年3月に株式会社オルターブースを設立し、クラウド専門フルスタックサービスを提供する。</span></p>

<hr />
<p style=""margin: 10px 0px 0px; white-space: pre-wrap; color: rgb(20, 24, 35); font-family: helvetica, arial, 'hiragino kaku gothic pro', meiryo, 'ms pgothic', sans-serif; font-size: 13px; line-height: 16.3090915679932px;""><span style=""font-size:18px;""><b>神津 崇士 氏</b></span></p>

<p style=""margin: 10px 0px 0px; white-space: pre-wrap; color: rgb(20, 24, 35); font-family: helvetica, arial, 'hiragino kaku gothic pro', meiryo, 'ms pgothic', sans-serif; font-size: 13px; line-height: 16.3090915679932px;""><span style=""font-size:16px;""><span style=""color: rgb(20, 24, 35); font-family: helvetica, arial, 'hiragino kaku gothic pro', meiryo, 'ms pgothic', sans-serif; line-height: 16.3090915679932px; white-space: pre-wrap;"">株式会社スカイアーチネットワークス　運用自動化 責任者</span></span></p>

<p style=""margin: 10px 0px 0px; white-space: pre-wrap; color: rgb(20, 24, 35); font-family: helvetica, arial, 'hiragino kaku gothic pro', meiryo, 'ms pgothic', sans-serif; font-size: 13px; line-height: 16.3090915679932px;""><span style=""font-size:16px;"">Webコンテンツ開発会社で開発リーダー。 新規SaaSの企画/開発/システム構築/運用/監視システム導入/負荷対策を担当。</span></p>

<p style=""margin: 10px 0px 0px; white-space: pre-wrap; color: rgb(20, 24, 35); font-family: helvetica, arial, 'hiragino kaku gothic pro', meiryo, 'ms pgothic', sans-serif; font-size: 13px; line-height: 16.3090915679932px;""><span style=""font-size: 16px; line-height: 16.3090915679932px;"">開発・運用をバランスよく学び、当時最先端技術であったクラウドへの着目から、 思いが高まり株式会社スカイアーチネットワークスに転職。 </span></p>

<p style=""margin: 10px 0px 0px; white-space: pre-wrap; color: rgb(20, 24, 35); font-family: helvetica, arial, 'hiragino kaku gothic pro', meiryo, 'ms pgothic', sans-serif; font-size: 13px; line-height: 16.3090915679932px;""><span style=""font-size: 16px; line-height: 16.3090915679932px;"">サーバー構築・運用・管理を主体とする社内業務の高品質化/効率化を目指す専門チームを立ち上げ、 DevOpsを社内外へ展開/DevOpsツール「Sky Hopper」の開発を担当、OSSとして提供するミッションを持つ。</span></p>

<p style=""margin: 10px 0px 0px; white-space: pre-wrap; color: rgb(20, 24, 35); font-family: helvetica, arial, 'hiragino kaku gothic pro', meiryo, 'ms pgothic', sans-serif; font-size: 13px; line-height: 16.3090915679932px;"">&nbsp;</p>
</section>

<section>
<h2>対象・前提知識</h2>

<p>　　本講座は主にインフラエンジニアが対象となります。<br />
　　Linux運用経験があることが望ましいです。</p>
</section>

<section>
<h2>概要</h2>

<table class=""table-sp"">
	<tbody>
		<tr>
			<th>コース日数</th>
			<td>１日（9:00〜18:00 / お昼休憩 1時間 / 8時間）</td>
		</tr>
		<tr>
			<th>コース日程</th>
			<td>2015年7月25日（土）</td>
		</tr>
		<tr>
			<th>研修会場</th>
			<td>福岡県Ruby・コンテンツ産業振興センター 5F セミナールーム<br />
			〒812-0013 福岡市博多区博多駅東1-17-1 福岡県福岡東総合庁舎5階</td>
		</tr>
		<tr>
			<th>持参するもの</th>
			<td>筆記用具<br />
			※個人でのPC持ち込みも可です。お申し込みの際にお伝えください。</td>
		</tr>
		<tr>
			<th>受講料</th>
			<td>
			<ul>
				<li>一般料金　50,000円(税抜)<br />
				&nbsp;</li>
				<li>AIPメーリングリスト会員　30,000円(税抜)</li>
				<li>AIP会員　 24,000円（税抜）<br />
				&nbsp;</li>
				<li>FISA・UOS・F&minus;Ruby会員　27,000円(税抜)</li>
			</ul>

			<p>&nbsp;<b>※7月13日[月] 12:00までにお申込された方は、早期お申込割引で<br />
			　　各価格から、3,000円引きとなります！</b></p>
			</td>
		</tr>
		<tr>
			<th>お支払い方法</th>
			<td>お申し込み確認後、振込先及び振込金額をお知らせいたしますので 原則として前日までにお支払いください。<br />
			また企業でのお申し込みの場合、開催月締め翌月末払いでのご請求処理も可能です。</td>
		</tr>
		<tr>
			<th>備考</th>
			<td>
			<ul>
				<li>当日のセミナーに関する機器はご用意いたします。</li>
				<li>実際に作成された内容をお持ち帰り頂くことが可能です。ご希望の方はUSBメモリをご用意ください。</li>
			</ul>
			</td>
		</tr>
	</tbody>
</table>
</section>

<p><a class=""btn"" href=""/entry_course"">本講座を申し込む</a></p>

<p>&nbsp;</p>","21","1","1","2015-06-21 15:23:00","","","","","","","2015-06-19 09:49:27","2015-07-15 10:35:24"
"25","2","4","プロジェクト・ファシリテーション入門講座","","<section>
<h2>講座について</h2>

<p>プロジェクト・マネジメント(PM)が重要であることは多くの企業が理解していることですが、マネジメントだけでなく、体系化したプロジェクト現場を活性化させる為のプロジェクト・ファシリテーション(PF)の重要性が近年高まってきています。<br />
PMは成果を計画的に出して行く為の技術ですが、PFはプロジェクト現場を活性化し、モチベートし、協調関係を作る為に必要な技術です。</p>

<p>プロジェクト・ファシリテーションの定義については下記リンクをご覧ください。</p>

<p>　　●<a href=""http://www.objectclub.jp/community/pf/"" target=""_blank"">プロジェクト・ファシリテーションとは？&nbsp;</a>　(オブラブ様のHPが開きます)</p>
</section>

<section>
<h2>講座内容</h2>

<p>当講座では、<a href=""http://www.pf-i.org/home"" target=""_blank"">プロジェクト・ファシリテーター協会様</a>よりご協力を頂き、プロジェクトをマネジメントする上で、マネージャやリーダーがチームに対してどのようにかかわるか、プロジェクト・ファシリテーションの視点から意識すべき点や具体的な方法を習得します。<br />
具体的な技術とその実践例の紹介と解説は座学を中心に行い、その内容を実践的に得るために体験型の演習を交えて行います。</p>

<p>当講座を受講することで、プロジェクト・ファシリテーションの基礎を理解し、実際に実践できる知識を習得できます。</p>
</section>

<section>
<h2>内容詳細</h2>

<div class=""frame1"">
<ol>
	<li>プロジェクト・ファシリテーションの基礎
	<ul>
		<li>目的と役割、基本的な考え方</li>
		<li>価値や原則について</li>
	</ul>
	</li>
	<li>プロジェクト・ファシリテーションの活動
	<ul>
		<li>代表的なプラクティスの紹介<br />
		（かんばん、バーンダウンチャート、ふりかえり、朝会、その他）</li>
		<li>実践例の紹介</li>
		<li>実施時の課題と解決のためのポイント</li>
	</ul>
	</li>
	<li>プロジェクトファシリテーションの実践
	<ul>
		<li>プラクティス実践練習</li>
		<li>コミュニケーション技法の練習</li>
		<li>感覚的な能力を利用する練習</li>
	</ul>
	</li>
</ol>

<p>　※こちらにて過去使用したテキストデータ(PDF)をご覧いただけます。</p>

<p><span style=""font-size:18px;""><strong>　▼講座内容参考サイト</strong></span></p>

<ul>
	<li><a href=""http://www.pf-i.org/"" target=""_blank"">プロジェクト・ファシリテーター協会</a></li>
	<li><a href=""https://www.facebook.com/ProjectFacilitator"" target=""_blank"">プロジェクト・ファシリテーター協会（Facebook）</a></li>
	<li><a href=""http://objectclub.jp/community/pf/"" target=""_blank"">オブラブ&nbsp;- プロジェクトファシリテーションとは</a></li>
	<li><a href=""http://objectclub.jp/download/files/pf/ProjectFacilitationValuePrinciple.pdf"" target=""_blank"">オブラブ - プロジェクトファシリテーション価値と原則編（PDF）</a></li>
	<li><a href=""http://objectclub.jp/download/files/pf/ManagementBySeeingGuide.pdf"" target=""_blank"">オブラブ - プロジェクトファシリテーション実践編（PDF）</a></li>
</ul>
</div>
</section>

<section>
<h2>講師</h2>

<p style=""margin: 10px 0px 0px; white-space: pre-wrap; color: rgb(20, 24, 35); font-family: helvetica, arial, 'hiragino kaku gothic pro', meiryo, 'ms pgothic', sans-serif; font-size: 13px; line-height: 16.3090915679932px;""><span style=""font-size:18px;""><strong>松本　潤二 氏</strong></span></p>

<p style=""margin: 10px 0px 0px; white-space: pre-wrap; color: rgb(20, 24, 35); font-family: helvetica, arial, 'hiragino kaku gothic pro', meiryo, 'ms pgothic', sans-serif; font-size: 13px; line-height: 16.3090915679932px;""><span style=""font-size:16px;"">プロジェクト・ファシリテーター協会 理事長 松本 潤二 氏</span></p>

<p style=""margin: 10px 0px 0px; white-space: pre-wrap; color: rgb(20, 24, 35); font-family: helvetica, arial, 'hiragino kaku gothic pro', meiryo, 'ms pgothic', sans-serif; font-size: 13px; line-height: 16.3090915679932px;""><span style=""font-size:16px;"">1969年生まれ。2002年にアジャイルプロセス協議会運営委員、2007年に日本コーチ協会東京チャプターの幹事（代表幹事[2007])を務める。コーアクティブ・コーチングの認定資格(CPCC)を有する。<br />
2010年にプロジェクト・ファシリテーター協会を設立し理事長に就任、質の高いプロジェクト・ファシリテーターの育成を目的に活動する。<br />
現在はシステム開発のプロジェクトに参画し、プロジェクト・ファシリテーションの実践、導入や改善のコンサルティング、セミナーや、ワークショップを行う。</span></p>
</section>

<section>
<h2>対象・前提知識</h2>

<ul>
	<li>現在の状況に閉塞感を感じている方、よりよくしたいと思っている方</li>
	<li>プロジェクトメンバーや上司、お客様などとの関係を改善したい方</li>
	<li>プロジェクトを成功するための方法を探している方</li>
	<li>人材育成に携わっている方</li>
	<li>プロジェクト・ファシリテーターとして活動したい方</li>
	<li>プロジェクト・ファシリテータ認定取得を目指している方</li>
</ul>

<p>　※複数人が関わるプロジェクトチームに所属し、<br />
　　リーダーやマネージャおよびその候補者に最適です。</p>
</section>

<section>
<h2>概要</h2>

<table class=""table-sp"">
	<tbody>
		<tr>
			<th>コース日数</th>
			<td>１日（10:30〜17:00 / お昼休憩 1時間 / 5.5時間）</td>
		</tr>
		<tr>
			<th>コース日程</th>
			<td>2015年6月19日（金）</td>
		</tr>
		<tr>
			<th>研修会場</th>
			<td>福岡県Ruby・コンテンツ産業振興センター 5F セミナールームC<br />
			〒812-0013 福岡市博多区博多駅東1-17-1 福岡県福岡東総合庁舎5階</td>
		</tr>
		<tr>
			<th>持参するもの</th>
			<td>筆記用具</td>
		</tr>
		<tr>
			<th>受講料</th>
			<td>
			<ul>
				<li>一般料金　50,000円(税抜)<br />
				&nbsp;</li>
				<li>AIPメーリングリスト会員　30,000円(税抜)</li>
				<li>AIP会員　 24,000円（税抜）<br />
				&nbsp;</li>
				<li>FISA・UOS・F&minus;Ruby会員　27,000円(税抜)</li>
			</ul>
			</td>
		</tr>
		<tr>
			<th>お支払い方法</th>
			<td>お申し込み確認後、振込先及び振込金額をお知らせいたしますので 原則として前日までにお支払いください。<br />
			また企業でのお申し込みの場合、開催月締め翌月末払いでのご請求処理も可能です。</td>
		</tr>
		<tr>
			<th>備考</th>
			<td>
			<ul>
				<li>教室内でのご自身の機器（ノートPCなど）のご使用は自由です。<br />
				（無料WiFi有）</li>
			</ul>
			</td>
		</tr>
	</tbody>
</table>
</section>

<p><span style=""font-size:20px;""><span style=""color:#FF0000;""><u><strong>※本講座へのお申込みは終了いたしました。</strong></u></span></span></p>

<p>&nbsp;</p>","12","1","1","2015-06-01 15:23:00","","","","","","","2015-06-25 10:51:59","2015-06-25 11:32:31"
"26","4","4","お知らせですお知らせですお知らせですお知らせです","<p>概要です概要です概要です概要です概要です</p>","<p>お知らせですお知らせですお知らせですお知らせですお知らせですお知らせですお知らせですお知らせですお知らせですお知らせですお知らせですお知らせですお知らせですお知らせですお知らせですお知らせです</p>

<p>お知らせですお知らせですお知らせですお知らせですお知らせですお知らせですお知らせですお知らせですお知らせですお知らせですお知らせですお知らせです</p>

<p>お知らせですお知らせですお知らせですお知らせですお知らせですお知らせですお知らせですお知らせですお知らせですお知らせですお知らせですお知らせです</p>","22","1","1","2015-06-25 14:00:00","","","","","","","2015-06-25 14:04:39","2015-09-26 15:53:39"
"29","2","5","【初開催！】実体験で経営を学ぶ〜マネジメントゲーム講座","","<section>
<h2>講座について</h2>

<p>どんなに素晴らしいアイディアや、夢があったとしても、ビジネスとして成り立たなければ存続はもとより、スタート自体も難しいです。</p>

<p>AIPでは<a href=""http://www.npo-aip.or.jp/community/"" target=""_blank"">スタートアップ支援(コミュニティ支援)</a>や、社内での新規構築ビジネスに関する講座等をこれまでも行ってきましたが、新たに経営に関して実体験を通じて学ぶことのできる「マネジメントゲーム講座」をご提供いたします。<br />
マネジメントゲームを通じて、「会社」というものを、「経営」「経理」というものを、実際に経営者にならないと体験できない部分を疑似体験することができます。</p>

<p>ソフトバンクの孫社長もマネジメントゲームの効果を高く評価しています。（※参考資料参照）<br />
<em><span style=""color: rgb(20, 24, 35); font-family: helvetica, arial, 'hiragino kaku gothic pro', meiryo, 'ms pgothic', sans-serif; line-height: 17.0545444488525px;"">「本当に私自身がソフトバンクを創業してから何度となく</span><wbr style=""color: rgb(20, 24, 35); font-family: helvetica, arial, 'hiragino kaku gothic pro', meiryo, 'ms pgothic', sans-serif; font-size: 14px; line-height: 17.0545444488525px;"" /><span style=""color: rgb(20, 24, 35); font-family: helvetica, arial, 'hiragino kaku gothic pro', meiryo, 'ms pgothic', sans-serif; line-height: 17.0545444488525px;"">MGのあの時の戦い方の感じからすると、新しいソフトバ</span><wbr style=""color: rgb(20, 24, 35); font-family: helvetica, arial, 'hiragino kaku gothic pro', meiryo, 'ms pgothic', sans-serif; font-size: 14px; line-height: 17.0545444488525px;"" /><span style=""color: rgb(20, 24, 35); font-family: helvetica, arial, 'hiragino kaku gothic pro', meiryo, 'ms pgothic', sans-serif; line-height: 17.0545444488525px;"">ンクの商品の料金プランはこうすべきだ（と考えてきた）</span><wbr style=""color: rgb(20, 24, 35); font-family: helvetica, arial, 'hiragino kaku gothic pro', meiryo, 'ms pgothic', sans-serif; font-size: 14px; line-height: 17.0545444488525px;"" /><span style=""color: rgb(20, 24, 35); font-family: helvetica, arial, 'hiragino kaku gothic pro', meiryo, 'ms pgothic', sans-serif; line-height: 17.0545444488525px;"">」</span></em></p>

<p>経営・経理を単なる知識ではなく、実践を通して学びたい方に最適の講座です。<br />
起業を目指している方、経営者・経営幹部の方、これから社内のコアメンバーとして期待する社員の方等には必須といってもいい内容ですが、新入社員や経理スタッフにも十分効果がある講座となっています。</p>

<p><span style=""color:#FF0000;""><strong>※急遽実施することになりました初開催講座のため、特別価格にてご提供させて頂きます！</strong></span></p>
</section>

<section>
<h2>マネジメントゲームとは</h2>

<p>マネジメントゲームとは、経営シミュレーションを通して経営戦略・経営用語をゲーム感覚で学ぶことができるビジネスゲームのことです。昭和51年に西順一郎氏がソニーCDIで開発した経営教育の手法で、チームで行うのではなく「一人経営」型を取るもので、そのために負荷は大きいですが効果も抜群なものです。</p>

<p>講座では「モノポリー」「人生ゲーム」「プレイボス」等をベースにした企業ミニチュアを使用します。「会社」というものがひとつの盤に収まって具体的に目に見える形になることが大きな特徴です。また「情報システム」として企業会計原則・原価計算基準を本格採用したアカデミックな会計システムを備えているのも特徴です。</p>

<p style=""text-align: center;""><a href=""/files/uploads/mg001__midium.jpg"" rel=""colorbox"" title=""mg001.jpg""><img align="""" alt=""mg001.jpg"" src=""/files/uploads/mg001__small.jpg"" /></a>&nbsp;<a href=""/files/uploads/mg002__midium.jpg"" rel=""colorbox"" title=""mg002.jpg""><img align="""" alt=""mg002.jpg"" src=""/files/uploads/mg002__small.jpg"" /></a></p>

<p>さらに、ゲームに思想と科学と作者の企業体験を盛り込むことで、受講者は企業の大ワク、利益の構造、活きた経営学、活きた会計学をみにつけることができます。知識教育ではなく、能力の涵養を主眼とするため、「理入（知識教育）」ではなく、「行入（体験学習）」を基本としています。</p>

<p>前述の通り、マネジメントゲームはチームで行うものではなく、一人の力で会社を複数期運営していくものです。すべてを自分で意思決定しいくため、会社、経営・経理というものの隅々まで目を配らせ、理解することができます。<br />
すでに経営者・経営幹部の方々でも、実際に会社・経営の隅々まで理解することは難しいものです。マネジメントゲームでは自身の関わる会社・経営のさらなる理解のためにも非常に効果があるものです（現実世界よりも厳しい・難しい、とおっしゃる経営者の方もいらっしゃいます）。</p>
</section>

<section>
<h2>教育効果</h2>

<p>マネジメントゲームがもっている科学的な教育システムは、全員経営を目指し、個人個人を育成し、会社を強くするものです。</p>

<p>２日間の講座では、すべての人がたった１人で５期の会社経営を行いますが、落ちこぼれを作らないものになっています。経営者、経営幹部から新入社員まで、自分のレベルに合わせた自己鍛錬が可能です。<br />
会社の仕組み、営業センス、決算処理など、会社経営の流れを一通りすべて経験し、体感することで経営者感覚を磨いていくことができます。</p>

<p style=""text-align: center;""><a href=""/files/uploads/mg003__midium.jpg"" rel=""colorbox"" title=""mg003.jpg""><img align="""" alt=""mg003.jpg"" src=""/files/uploads/mg003__small.jpg"" /></a></p>

<p>マネジメントゲームを通じて、以下の用語を実際に体験し、学ぶことができます。</p>

<ol style=""margin-left: 40px;"">
	<li>企業方程式</li>
	<li>損益分岐点</li>
	<li>F（経費）</li>
	<li>F4（戦略費）</li>
	<li>リスクカード・得損</li>
	<li>減価償却</li>
	<li>自己資本比率</li>
	<li>中間決済はなぜするのか？</li>
	<li>G（営業G・経常G・純G）</li>
	<li>次繰</li>
	<li>分析は移動年計</li>
	<li>Q up 5 原則</li>
</ol>

<p>また経営計画書を作成できるようになります。</p>

<p>マネシメントゲームはゲーム中と決算処理中との2部1セットで1期（1年分）になっています。<br />
利益を出すために必要な経営計画の作成は、「経営は逆算である」の考えのもの自分で行います。<br />
また、ゲーム途中で行う中間決算の結果からの決算予測の立て方などを実践することで、自社の経営の大いに役立つ知識が身につきます。</p>

<p style=""text-align: center;""><a href=""/files/uploads/mg004__midium.jpg"" rel=""colorbox"" title=""mg004.jpg""><img align="""" alt=""mg004.jpg"" src=""/files/uploads/mg004__small.jpg"" /></a></p>

<p>講座では、2日で5年分の会社経営を行うことができます。様々な戦略、戦術に挑戦してたくさんの失敗をし、会社を倒産させながら、数多くの学びを得ることができます。</p>

<p>マネジメントゲームでの学びは以下のように言われています。</p>

<ul style=""margin-left: 40px;"">
	<li>25期　・・・　経理がわかる</li>
	<li>50期　・・・　経営がわかる</li>
	<li>75期　・・・　戦略がわかる</li>
	<li>100期　・・・　人間が変わる</li>
</ul>

<p>まずは2日間の5期、実際に体験されてみてはいかがでしょうか。</p>
</section>

<section>
<h2>参考資料</h2>

<ul>
	<li><span style=""color: rgb(20, 24, 35); font-family: helvetica, arial, 'hiragino kaku gothic pro', meiryo, 'ms pgothic', sans-serif; line-height: 17.0545444488525px;""><a href=""http://www.ustream.tv/recorded/17019737/highlight/245420"" target=""_blank"">ソフトバンクアカデミア特別講義　孫氏によるマネジメントゲームについて（ustream）その１</a></span></li>
	<li><span style=""color: rgb(20, 24, 35); font-family: helvetica, arial, 'hiragino kaku gothic pro', meiryo, 'ms pgothic', sans-serif; line-height: 17.0545444488525px;""><a href=""http://www.ustream.tv/recorded/17019737/highlight/201204"" target=""_blank"">ソフトバンクアカデミア特別講義　孫氏によるマネジメントゲームについて（ustream）その２</a></span></li>
</ul>
</section>

<section>
<h2>内容</h2>

<div class=""frame1"">
<h3>1日目</h3>

<p style=""margin-left: 40px;"">?　 &nbsp;9:30　講座開始<br />
　10:00　1期開始<br />
　11:00　マトリックス（決算）<br />
　12:00　昼食<br />
　13:00　2期開始<br />
　14:00　マトリックス<br />
　15:00　3期開始<br />
　16:00　マトリックス<br />
　17:00　戦略講義／&nbsp;経営計画<br />
　18:30　解散<br />
　19:00　交流会(参加任意：実費)<br />
　21:00　交流会終了　</p>

<h3>2日目</h3>

<p style=""margin-left: 40px;"">?　 &nbsp;9:30　4期開始<br />
　10:00　経営計画／中間決算<br />
　11:00　マトリックス<br />
　12:00　昼食<br />
　13:00　ビジネスパワー分析<br />
　14:00　5期開始<br />
　15:00　マトリックス<br />
　16:00　講義<br />
　18:00　解散</p>
</div>
</section>

<section>
<h2>講師</h2>

<p style=""margin: 10px 0px 0px; white-space: pre-wrap; color: rgb(20, 24, 35); font-family: helvetica, arial, 'hiragino kaku gothic pro', meiryo, 'ms pgothic', sans-serif; font-size: 13px; line-height: 16.3090915679932px;""><span style=""font-size: 18px;""><b>内海 和憲 氏</b></span></p>

<p style=""margin: 10px 0px 0px; white-space: pre-wrap; color: rgb(20, 24, 35); font-family: helvetica, arial, 'hiragino kaku gothic pro', meiryo, 'ms pgothic', sans-serif; font-size: 13px; line-height: 16.3090915679932px;""><span style=""font-size: 16px;"">株式会社ヒューマングループ 代表取締役</span></p>

<p style=""margin: 10px 0px 0px; white-space: pre-wrap; color: rgb(20, 24, 35); font-family: helvetica, arial, 'hiragino kaku gothic pro', meiryo, 'ms pgothic', sans-serif; font-size: 13px; line-height: 16.3090915679932px;""><span style=""font-size:16px;"">1950年生まれ。大学卒業と同時にヒッチハイクで世界一周。</span><br />
<span style=""font-size: 16px; line-height: 16.3090915679932px;"">佐世保交通産業入社（現ヒューマングルー</span><span style=""font-size: 16px; line-height: 16.3090915679932px;"">プ）後、徳田虎雄理事長と出逢い、全力投球とネバーギブアップの精神を学ぶ。1989年、社団法人佐世保青年</span><span style=""font-size: 16px; line-height: 16.3090915679932px;"">会議所 第36代理事長。同年、ヒューマングループ代表取締役に就任。<br />
代表就任後は、全員経営・全員コンピュー</span><span style=""font-size: 16px; line-height: 16.3090915679932px;"">ターを合い言葉にマネージメント進化を開始し、様々な人やものごととの出逢いに学びを得ながら経営ノウハウへ</span><span style=""font-size: 16px; line-height: 16.3090915679932px;"">と展開していく。<br />
1995年、法務大臣より感謝状を授与。2001年、情報化促進貢献企業等表彰、経済産業大</span><span style=""font-size: 16px; line-height: 16.3090915679932px;"">臣表彰。2003年、全指連第6次長期ビジョン幹事長（46都道府県訪問）。趣味はトライアスロンチャレンジ！</span><br />
<span style=""font-size: 16px; line-height: 16.3090915679932px;"">グループが創立60周年を迎えた2013 年、ハワイトライアスロンへチャレンジし、みごと完走。<br />
2013年12月</span><span style=""line-height: 16.3090915679932px; font-size: 16px;"">佐世保市教育委員就任、2014年3月第5代目佐世保青年会議所OB会会長に就任。</span><br />
&nbsp;</p>

<hr />
<p style=""margin: 10px 0px 0px; white-space: pre-wrap; color: rgb(20, 24, 35); font-family: helvetica, arial, 'hiragino kaku gothic pro', meiryo, 'ms pgothic', sans-serif; font-size: 13px; line-height: 16.3090915679932px;""><span style=""font-size: 18px;""><b>吉原 英令 氏</b></span></p>

<p style=""margin: 10px 0px 0px; white-space: pre-wrap; color: rgb(20, 24, 35); font-family: helvetica, arial, 'hiragino kaku gothic pro', meiryo, 'ms pgothic', sans-serif; font-size: 13px; line-height: 16.3090915679932px;""><span style=""font-size: 16px;""><span style=""line-height: 16.3090915679932px;"">ピー エム シー マイブレーン　代表</span></span></p>

<p style=""margin: 10px 0px 0px; white-space: pre-wrap; color: rgb(20, 24, 35); font-family: helvetica, arial, 'hiragino kaku gothic pro', meiryo, 'ms pgothic', sans-serif; font-size: 13px; line-height: 16.3090915679932px;""><span style=""font-size: 16px; line-height: 16.3090915679932px;"">1953年生まれ。九州大学法学部卒業。<br />
1986年マネジメントゲームのインストラクター習得、マネジメントゲーム研修の定期開催を開始。<br />
1990年中小企業診断士(商業部門)を取得、同年</span><span style=""font-size:16px;"">地域密着型のコンサルティングを目的として、「ＰＭＣト―タルマネジメント（現PMCマイブレーン）」を設立。<br />
長崎地方裁判所佐世保簡易裁判所民事調停委員、販売士二級、三級の養成講習会講師（長崎県立大学佐世保校）。</span><br />
&nbsp;</p>
</section>

<section>
<h2>対象・前提知識</h2>

<p>経営者、経営幹部、起業予定者、経営に関する知識を身に付けたい方 等</p>
</section>

<section>
<h2>概要</h2>

<table class=""table-sp"">
	<tbody>
		<tr>
			<th>コース日数</th>
			<td>2日</td>
		</tr>
		<tr>
			<th>コース日程</th>
			<td>2015年8月8日（土）〜8月9日（日）</td>
		</tr>
		<tr>
			<th>研修会場</th>
			<td>福岡県Ruby・コンテンツ産業振興センター 5F セミナールーム<br />
			〒812-0013 福岡市博多区博多駅東1-17-1 福岡県福岡東総合庁舎5階</td>
		</tr>
		<tr>
			<th>持参するもの</th>
			<td>筆記用具</td>
		</tr>
		<tr>
			<th>受講料</th>
			<td>
			<p>　<span style=""color:#FF8C00;""><span style=""font-size:18px;""><strong>※初回実施講座のため、特別価格にてご提供させていただきます</strong></span></span></p>

			<ul>
				<li>一般料金　<s>100,000円(税抜)</s>　<span style=""color:#FF0000;""><strong>&rarr;　60,000円(税抜)</strong></span><br />
				&nbsp;</li>
				<li>AIPメーリングリスト会員　<s>60,000円(税抜)</s>　<strong><span style=""color:#FF0000;"">&rarr;　50,000円(税抜)</span></strong></li>
				<li>AIP会員　 <s>48,000円(税抜)</s>　<strong><span style=""color:#FF0000;"">&rarr;　45,000円(税抜)</span></strong><br />
				&nbsp;</li>
				<li>FISA・UOS・F&minus;Ruby会員　<s>54,000円(税抜)</s>　<span style=""color:#FF0000;""><strong>&rarr;　47,000円(税抜)</strong></span></li>
			</ul>

			<p><span style=""color:#FF0000;""><strong>?　</strong></span><span style=""font-size:12px;"">※<strong>次回開催からは通常価格にての実施になります。</strong></span></p>
			</td>
		</tr>
		<tr>
			<th>お支払い方法</th>
			<td>お申し込み確認後、振込先及び振込金額をお知らせいたしますので 原則として前日までにお支払いください。<br />
			また企業でのお申し込みの場合、開催月締め翌月末払いでのご請求処理も可能です。</td>
		</tr>
		<tr>
			<th>備考</th>
			<td>
			<ul>
				<li>1日目の昼、2日目の昼についてはお弁当をご用意いたします。</li>
				<li>1日目の夜に受講者と講師、スタッフとの交流会(参加任意：実費)を行います。</li>
			</ul>
			</td>
		</tr>
	</tbody>
</table>
</section>

<p><a class=""btn"" href=""/entry_course"">本講習を申し込む</a></p>","23","1","1","2015-07-27 12:00:00","","","","","","2015/09/00000005_eye_catch.png","2015-07-25 12:42:25","2015-09-26 14:53:44"
"31","2","6","プロジェクト・ファシリテーション入門講座","","<section>
<h2>講座について</h2>

<p>プロジェクト・マネジメント(PM)が重要であることは多くの企業が理解していることですが、マネジメントだけでなく、体系化したプロジェクト現場を活性化させる為のプロジェクト・ファシリテーション(PF)の重要性が近年高まってきています。<br />
PMは成果を計画的に出して行く為の技術ですが、PFはプロジェクト現場を活性化し、モチベートし、協調関係を作る為に必要な技術です。</p>

<p>プロジェクト・ファシリテーションの定義については下記リンクをご覧ください。</p>

<p>　　●<a href=""http://www.objectclub.jp/community/pf/"" target=""_blank"">プロジェクト・ファシリテーションとは？&nbsp;</a>　(オブラブ様のHPが開きます)</p>
</section>

<section>
<h2>講座内容</h2>

<p>当講座では、<a href=""http://www.pf-i.org/home"" target=""_blank"">プロジェクト・ファシリテーター協会様</a>よりご協力を頂き、プロジェクトをマネジメントする上で、マネージャやリーダーがチームに対してどのようにかかわるか、プロジェクト・ファシリテーションの視点から意識すべき点や具体的な方法を習得します。<br />
具体的な技術とその実践例の紹介と解説は座学を中心に行い、その内容を実践的に得るために体験型の演習を交えて行います。</p>

<p>当講座を受講することで、プロジェクト・ファシリテーションの基礎を理解し、実際に実践できる知識を習得できます。</p>
</section>

<section>
<h2>内容詳細</h2>

<div class=""frame1"">
<ol>
	<li>プロジェクト・ファシリテーションの基礎
	<ul>
		<li>目的と役割、基本的な考え方</li>
		<li>価値や原則について</li>
	</ul>
	</li>
	<li>プロジェクト・ファシリテーションの活動
	<ul>
		<li>代表的なプラクティスの紹介<br />
		（かんばん、バーンダウンチャート、ふりかえり、朝会、その他）</li>
		<li>実践例の紹介</li>
		<li>実施時の課題と解決のためのポイント</li>
	</ul>
	</li>
	<li>プロジェクトファシリテーションの実践
	<ul>
		<li>プラクティス実践練習</li>
		<li>コミュニケーション技法の練習</li>
		<li>感覚的な能力を利用する練習</li>
	</ul>
	</li>
</ol>
<strong style=""font-size: 18px;"">　▼テキスト</strong>

<ul style=""margin-left: 40px;"">
	<li><strong style=""font-size: 18px;""><strong style=""font-size: 18px;""><a href=""https://drive.google.com/file/d/0B3tkSF39B-NVTHlxeG5yM2xQRms/view?usp=sharing"" target=""_blank"">前回使用テキスト</a>（PDFでご覧になれます）</strong></strong></li>
</ul>
<span style=""font-size:18px;""><strong>　▼講座内容参考サイト</strong></span>

<ul style=""margin-left: 40px;"">
	<li><a href=""http://www.pf-i.org/"" target=""_blank"">プロジェクト・ファシリテーター協会</a></li>
	<li><a href=""https://www.facebook.com/ProjectFacilitator"" target=""_blank"">プロジェクト・ファシリテーター協会（Facebook）</a></li>
	<li><a href=""http://objectclub.jp/community/pf/"" target=""_blank"">オブラブ&nbsp;- プロジェクトファシリテーションとは</a></li>
	<li><a href=""http://objectclub.jp/download/files/pf/ProjectFacilitationValuePrinciple.pdf"" target=""_blank"">オブラブ - プロジェクトファシリテーション価値と原則編（PDF）</a></li>
	<li><a href=""http://objectclub.jp/download/files/pf/ManagementBySeeingGuide.pdf"" target=""_blank"">オブラブ - プロジェクトファシリテーション実践編（PDF）</a></li>
</ul>
</div>
</section>

<section>
<h2>参加された方の声</h2>

<ul>
	<li style=""margin: 10px 0px 0px 40px; white-space: pre-wrap; color: rgb(20, 24, 35); font-family: helvetica, arial, 'hiragino kaku gothic pro', meiryo, 'ms pgothic', sans-serif; font-size: 13px; line-height: 16.3090915679932px;""><span style=""font-size:16px;"">午前中に座学、それを受けての午後からの実践でスムーズに理解が進んだ。感覚的にも学ぶことができた。</span></li>
	<li style=""margin: 10px 0px 0px 40px; white-space: pre-wrap; color: rgb(20, 24, 35); font-family: helvetica, arial, 'hiragino kaku gothic pro', meiryo, 'ms pgothic', sans-serif; font-size: 13px; line-height: 16.3090915679932px;""><span style=""font-size:16px;"">「例の出し方」「質問への返し方」がとても参考になった。そのおかげで考えることが多くなり、良かった。</span></li>
	<li style=""margin: 10px 0px 0px 40px; white-space: pre-wrap; color: rgb(20, 24, 35); font-family: helvetica, arial, 'hiragino kaku gothic pro', meiryo, 'ms pgothic', sans-serif; font-size: 13px; line-height: 16.3090915679932px;""><span style=""font-size:16px;"">目的&rarr;アプローチ&rarr;効果と体系化された内容で理解しやすかった。</span></li>
	<li style=""margin: 10px 0px 0px 40px; white-space: pre-wrap; color: rgb(20, 24, 35); font-family: helvetica, arial, 'hiragino kaku gothic pro', meiryo, 'ms pgothic', sans-serif; font-size: 13px; line-height: 16.3090915679932px;""><span style=""font-size:16px;"">マネージャーをしていますが、なかなかメンバーのモチベーションが上がらず悩んでいました。これは人として人の心を動かし、楽しめるような考えが少ないからと分かりました。</span></li>
	<li style=""margin: 10px 0px 0px 40px; white-space: pre-wrap; color: rgb(20, 24, 35); font-family: helvetica, arial, 'hiragino kaku gothic pro', meiryo, 'ms pgothic', sans-serif; font-size: 13px; line-height: 16.3090915679932px;""><span style=""font-size:16px;"">プロジェクトマネジメントを勉強中です。プロジェクトマネジメントだけでは味気なく、チームの力をより引き出すには何か違うと思っていたところで、プロジェクトファシリテーションを知れて大変ラッキーでした。</span></li>
	<li style=""margin: 10px 0px 0px 40px; white-space: pre-wrap; color: rgb(20, 24, 35); font-family: helvetica, arial, 'hiragino kaku gothic pro', meiryo, 'ms pgothic', sans-serif; font-size: 13px; line-height: 16.3090915679932px;""><span style=""font-size:16px;""><span style=""color: rgb(34, 34, 34); font-family: Arial, Verdana, sans-serif;"">業務に取り入れるのにお金がかかるわけではないので、今回学んだ手法はすぐに役立つと思います。</span></span></li>
</ul>

<p style=""margin-top: 10px; margin-right: 0px; margin-bottom: 0px; white-space: pre-wrap; color: rgb(20, 24, 35); font-family: helvetica, arial, 'hiragino kaku gothic pro', meiryo, 'ms pgothic', sans-serif; font-size: 13px; line-height: 16.3090915679932px; text-align: center;""><a href=""/files/uploads/DSCF8942__midium.jpg"" rel=""colorbox"" title=""DSCF8942.JPG""><img align="""" alt=""DSCF8942.JPG"" src=""/files/uploads/DSCF8942__small.jpg"" /></a>　<a href=""/files/uploads/DSCF8949__midium.jpg"" rel=""colorbox"" title=""DSCF8949.jpg""><img align="""" alt=""DSCF8949.jpg"" src=""/files/uploads/DSCF8949__small.jpg"" /></a></p>

<p style=""margin-top: 10px; margin-right: 0px; margin-bottom: 0px; white-space: pre-wrap; color: rgb(20, 24, 35); font-family: helvetica, arial, 'hiragino kaku gothic pro', meiryo, 'ms pgothic', sans-serif; font-size: 13px; line-height: 16.3090915679932px;"">&nbsp;</p>
</section>

<section>
<h2>講師</h2>

<p style=""margin: 10px 0px 0px; white-space: pre-wrap; color: rgb(20, 24, 35); font-family: helvetica, arial, 'hiragino kaku gothic pro', meiryo, 'ms pgothic', sans-serif; font-size: 13px; line-height: 16.3090915679932px;""><span style=""font-size:18px;""><strong>松本　潤二 氏</strong></span></p>

<p style=""margin: 10px 0px 0px; white-space: pre-wrap; color: rgb(20, 24, 35); font-family: helvetica, arial, 'hiragino kaku gothic pro', meiryo, 'ms pgothic', sans-serif; font-size: 13px; line-height: 16.3090915679932px;""><span style=""font-size:16px;"">プロジェクト・ファシリテーター協会 理事長 松本 潤二 氏</span></p>

<p style=""margin: 10px 0px 0px; white-space: pre-wrap; color: rgb(20, 24, 35); font-family: helvetica, arial, 'hiragino kaku gothic pro', meiryo, 'ms pgothic', sans-serif; font-size: 13px; line-height: 16.3090915679932px;""><span style=""font-size:16px;"">1969年生まれ。2002年にアジャイルプロセス協議会運営委員、2007年に日本コーチ協会東京チャプターの幹事（代表幹事[2007])を務める。コーアクティブ・コーチングの認定資格(CPCC)を有する。<br />
2010年にプロジェクト・ファシリテーター協会を設立し理事長に就任、質の高いプロジェクト・ファシリテーターの育成を目的に活動する。<br />
現在はシステム開発のプロジェクトに参画し、プロジェクト・ファシリテーションの実践、導入や改善のコンサルティング、セミナーや、ワークショップを行う。</span></p>
</section>

<section>
<h2>対象・前提知識</h2>

<ul>
	<li>現在の状況に閉塞感を感じている方、よりよくしたいと思っている方</li>
	<li>プロジェクトメンバーや上司、お客様などとの関係を改善したい方</li>
	<li>プロジェクトを成功するための方法を探している方</li>
	<li>人材育成に携わっている方</li>
	<li>プロジェクト・ファシリテーターとして活動したい方</li>
	<li>プロジェクト・ファシリテータ認定取得を目指している方</li>
</ul>

<p>　※複数人が関わるプロジェクトチームに所属し、<br />
　　リーダーやマネージャおよびその候補者に最適です。</p>
</section>

<section>
<h2>概要</h2>

<table class=""table-sp"">
	<tbody>
		<tr>
			<th>コース日数</th>
			<td>１日（10:30〜17:00 / お昼休憩 1時間 / 5.5時間）</td>
		</tr>
		<tr>
			<th>コース日程</th>
			<td>2015年9月5日（土）</td>
		</tr>
		<tr>
			<th>研修会場</th>
			<td>福岡県Ruby・コンテンツ産業振興センター 5F 会議室5<br />
			〒812-0013 福岡市博多区博多駅東1-17-1 福岡県福岡東総合庁舎5階</td>
		</tr>
		<tr>
			<th>持参するもの</th>
			<td>筆記用具</td>
		</tr>
		<tr>
			<th>受講料</th>
			<td>
			<ul>
				<li>一般料金　50,000円(税抜)<br />
				&nbsp;</li>
				<li>AIPメーリングリスト会員　30,000円(税抜)</li>
				<li>AIP会員　 24,000円（税抜）<br />
				&nbsp;</li>
				<li>FISA・UOS・F&minus;Ruby会員　27,000円(税抜)</li>
			</ul>
			</td>
		</tr>
		<tr>
			<th>お支払い方法</th>
			<td>お申し込み確認後、振込先及び振込金額をお知らせいたしますので 原則として前日までにお支払いください。<br />
			また企業でのお申し込みの場合、開催月締め翌月末払いでのご請求処理も可能です。</td>
		</tr>
		<tr>
			<th>備考</th>
			<td>
			<ul>
				<li>教室内でのご自身の機器（ノートPCなど）のご使用は自由です。<br />
				（無料WiFi有）</li>
			</ul>
			</td>
		</tr>
	</tbody>
</table>
</section>

<p><a class=""btn"" href=""/entry_course"">本講習を申し込む</a></p>

<p>&nbsp;</p>","12","1","1","2015-08-07 10:00:00","","","","","","2015/09/00000006_eye_catch.png","2015-08-07 10:11:46","2015-09-26 14:53:14"
"34","2","7","実践型ICT人材育成講座 〜 全11回","","<p>講座情報が入ります</p>","4","1","1","2016-02-19 12:00:00","","","","","","2015/09/00000007_eye_catch.png","2015-08-18 11:02:36","2015-09-26 15:27:07"
"35","2","8","SEのための新規ビジネス構築講座","","<section>
<h2>講座について</h2>

<p><span style=""font-size:16px;""><span style=""font-family: arial, sans-serif;"">国内のIT市場は、２０１５年問題や景気回復の影響で、</span><wbr style=""font-family: arial, sans-serif; font-size: 14px;"" /><span style=""font-family: arial, sans-serif;"">かなりの人不足状態にあります。</span><br style=""font-family: arial, sans-serif; font-size: 14px;"" />
<span style=""font-family: arial, sans-serif;"">しかし、２０１８年以降を遠望すると、</span><wbr style=""font-family: arial, sans-serif; font-size: 14px;"" /><span style=""font-family: arial, sans-serif;"">従来型の大型案件が一段落し、</span><wbr style=""font-family: arial, sans-serif; font-size: 14px;"" /><span style=""font-family: arial, sans-serif;"">再び人余り状態になるのは各方面の予測が一致するところです。</span><br style=""font-family: arial, sans-serif; font-size: 14px;"" />
<span style=""font-family: arial, sans-serif;"">この数年の好況を好機と捉え、来るべき「新しいITの時代」</span><wbr style=""font-family: arial, sans-serif; font-size: 14px;"" /><span style=""font-family: arial, sans-serif;"">への準備に着手する時期は、今をおいて他にありません。</span><br style=""font-family: arial, sans-serif; font-size: 14px;"" />
<span style=""font-family: arial, sans-serif;"">新しいITのキーワードは、「クラウド・モバイル・</span><wbr style=""font-family: arial, sans-serif; font-size: 14px;"" /><span style=""font-family: arial, sans-serif;"">ビッグデータ・ソーシャル・Iot・AI」です。</span><br style=""font-family: arial, sans-serif; font-size: 14px;"" />
<span style=""font-family: arial, sans-serif;"">従来の技術に加え、これらの技術を身につけることで、</span><wbr style=""font-family: arial, sans-serif; font-size: 14px;"" /><span style=""font-family: arial, sans-serif;"">受託型ビジネスを、より強固にしていくことができます。</span><br style=""font-family: arial, sans-serif; font-size: 14px;"" />
<br style=""font-family: arial, sans-serif; font-size: 14px;"" />
<span style=""font-family: arial, sans-serif;"">この講座では、日々業務にあたっているSEの方々が、</span><wbr style=""font-family: arial, sans-serif; font-size: 14px;"" /><span style=""font-family: arial, sans-serif;"">大きな投資をせずに、今現在持ってる技術を活かしながら、</span><wbr style=""font-family: arial, sans-serif; font-size: 14px;"" /><span style=""font-family: arial, sans-serif;"">新規事業に取り組んでいく方法をお伝えします。可能性は、</span><wbr style=""font-family: arial, sans-serif; font-size: 14px;"" /><span style=""font-family: arial, sans-serif;"">既に皆さんの中にあります。この講座を通じて、</span><wbr style=""font-family: arial, sans-serif; font-size: 14px;"" /><span style=""font-family: arial, sans-serif;"">その可能性を一緒に発見していきましょう。</span></span></p>
</section>

<section>
<h2>講座内容</h2>

<p>この講座は、SE（システムエンジニア）だけでなく、経営者や営業や新規事業を企画する立場の方も対象です。<br />
新規事業の職にあろうとなかろうと、現状を一歩進めて、新しいチャレンジをしたいという「志（少しで構いません）」を持った方に受講いただければと思います。</p>

<p>新規事業というと「&rdquo;新しい顧客&rdquo;に、&rdquo;新しい技術&rdquo;を提案していく」、と考えがちですが、この講座では「従来の取引範囲」の中で「新しい市場」を獲得したり、創造したりする方法を学びます。<br />
IT業界のみならず、全ての産業が、同じ経済情勢の中で必死に経営努力を続けています。そこには、新しいITをからめた提案による現状打開が必要です。<br />
そのきっかけを作るのは、今現在、ITの世界に従事している「あなた自身」に他なりません。これからの企業経営改革は、経営者だけのものではなく、会社に属する全ての者の使命です。経営者、社員、それぞれ単独で「行き詰って」いることでも、志を高め、協力し合っていくことで、必ず現状を打開できます。<br />
自分の中に既にある「新しい価値を提案できる人材としての資質」を、一緒に発見していきましょう。</p>
</section>

<section>
<h2>内容詳細</h2>

<div class=""frame1"">
<ol>
	<li>準備段階
	<ul>
		<li>脳はだますもの 〜ヤル気の仕組み〜可能思考〜</li>
		<li>ラフにアウトプット 〜とにかく書き出すこと〜</li>
	</ul>
	</li>
	<li>マーケティング編
	<ul>
		<li>市場(マーケット)を考える 〜市場を発見する〜</li>
		<li>市場への即時対応を考える&nbsp;〜協力者(Collabolator)を見つける〜</li>
	</ul>
	</li>
	<li>新事業内容の構築編
	<ul>
		<li>新事業のアイデア 〜考えるトレーニング〜</li>
		<li>グループでブラッシュアップ 〜周囲の協力〜</li>
		<li>何が不足しているか、どう短期間で補完するか<br />
		〜外部連携の重要性を知る〜</li>
	</ul>
	</li>
	<li>ソーシャルメディア編
	<ul>
		<li>人脈をつくる 〜Facebookの本格活用〜</li>
		<li>社内理解を得るためには 〜折れない心〜</li>
	</ul>
	</li>
</ol>
</div>
</section>

<section>
<h2>講師</h2>

<p style=""margin: 10px 0px 0px; white-space: pre-wrap; color: rgb(20, 24, 35); font-family: helvetica, arial, 'hiragino kaku gothic pro', meiryo, 'ms pgothic', sans-serif; font-size: 13px; line-height: 16.3090915679932px;""><span style=""font-size:18px;""><strong>森 俊英</strong></span><span style=""font-size:18px;""><strong> 氏</strong></span></p>

<p style=""margin: 10px 0px 0px; white-space: pre-wrap; color: rgb(20, 24, 35); font-family: helvetica, arial, 'hiragino kaku gothic pro', meiryo, 'ms pgothic', sans-serif; font-size: 13px; line-height: 16.3090915679932px;""><span style=""font-size:16px;"">グローバルブレインズ株式会社 代表取締役社長</span></p>

<p>同社は、エンタープライズ関連の受託開発に加え、各種ITコミュニティとの繋がりもとに<br />
Web・モバイル、クラウドと、新規事業ドメインを展開中。<br />
ベンチャーではない「普通の地域IT企業」だからこそできる、新規事業への取り組みの「ロールモデル」となるべく、小粒ながら「エリア総合IT企業No.1（独立系）へ」をスローガンに掲げ事業推進中。<br />
地域貢献活動にも取り組んでおり、「ふくおかクラウドアライアンス（2012年8月発足）」を中心に、地域のIT利活用活動を推進中。<br />
※一社）福岡県情報サービス産業協会（FISA）の事業の一部<br />
<strong>【ブログ】</strong><br />
<a href=""https://www.facebook.com/brog.t.mori"" target=""_blank"">毎日走るIT社長のブログ</a><br />
<strong>【主な外部団体活動】</strong></p>

<ul>
	<li>一社）クラウド利用促進機構（CUPA）ビジネスアドバイザ</li>
	<li>福岡県Ruby・コンテンツビジネス振興会議（福岡県）：顧問</li>
	<li>一社）福岡県情報サービス産業協会（FISA）：ビジネス開発委員長</li>
	<li>AIP（NPO）：事業推進副委員長</li>
	<li>Rubyビジネスコモンズ(NPO)：監事</li>
	<li>軽量Rubyフォーラム（NPO）：監事</li>
	<li>Jaws&minus;UG福岡：副代表</li>
	<li>Jaz&minus;UG福岡（ふくあず）：副代表</li>
	<li>福岡ITコーディネータ推進協議会：理事</li>
</ul>
</section>

<section>
<h2>対象・前提知識</h2>

<ul>
	<li>「現状打破したい」という志を少しでも持っている方（年齢は問いません）</li>
	<li>facebookを人脈形成に使えないか、と考えている方</li>
</ul>
</section>

<section>
<h2>概要</h2>

<table class=""table-sp"">
	<tbody>
		<tr>
			<th>コース日数</th>
			<td>１日（10:00〜17:00 / お昼休憩 1時間 / 6時間）</td>
		</tr>
		<tr>
			<th>コース日程</th>
			<td>2015年9月30日（水）</td>
		</tr>
		<tr>
			<th>研修会場</th>
			<td>AIMビル 7F セミナールーム<br />
			北九州市小倉北区浅野1&minus;3&minus;7階<br />
			※地下有料駐車場があります(詳細は<a href=""http://www.aim-kipro.co.jp/"" target=""_blank"">こちら</a>から)</td>
		</tr>
		<tr>
			<th>持参するもの</th>
			<td>筆記用具</td>
		</tr>
		<tr>
			<th>受講料</th>
			<td>
			<ul>
				<li>15,000円(税抜)／16,200円(税込)</li>
			</ul>

			<p style=""margin-left: 40px;""><span style=""font-size:12px;"">※当講座は「<a href=""http://www.npo-aip.or.jp/course/archives/7"" target=""_blank"">実践型ICT人材育成講座〜全11回講座</a>」での開催講座になりますので、通常価格より大幅に割引いた形でのご提供になります。<br />
			※上記より、通常実施しております、各種割引については適用されませんので、予めご了承ください。</span></p>
			</td>
		</tr>
		<tr>
			<th>お支払い方法</th>
			<td>お申し込み確認後、振込先及び振込金額をお知らせいたしますので 原則として前日までにお支払いください。<br />
			また企業でのお申し込みの場合、開催月締め翌月末払いでのご請求処理も可能です。</td>
		</tr>
		<tr>
			<th>備考</th>
			<td>
			<ul>
				<li>教室内でのご自身の機器（ノートPCなど）のご使用は自由です。</li>
			</ul>
			</td>
		</tr>
	</tbody>
</table>
</section>

<p><a class=""btn"" href=""/entry_course"">本講習を申し込む</a></p>

<p>&nbsp;</p>","23","1","1","2015-08-24 12:00:00","","","","","","2015/09/00000008_eye_catch.png","2015-08-24 17:22:43","2015-09-26 15:27:34"
"36","2","9","今こそマスター マーケティング＆コンサル","","<section>
<h2>講座について</h2>

<p>良いものを作れば売れる、という時代は終わっており、市場やユーザを把握、見据えてこそサービスは成り立ちます。<br />
インターネットの力が大きくなったとはいえ、古典的なマーケティングの知識は土台として必要であり、講座では基礎からソーシャルと利用したマーケティングまで幅広くかつ、豊富な事例をもとに学びます。</p>
</section>

<section>
<h2>講座内容</h2>

<p>単にシステムやサービスを提案する営業ではなく、お客様の問題解決を真にできる営業・コンサルに必要な知識・スキルを身につける講座です。古典定期なマーケティング知識から、最新のソーシャルを利用したマーケティングまで幅広く学べ、ひとつ上の営業・コンサルを目指す上で必要となる知識やポイントも学ぶことができます。</p>

<p class=""p1"">コンサルティング経験豊富な現役コンサルが講師として、様々なケースを例に講座を行います。</p>
</section>

<section>
<h2>内容詳細</h2>

<div class=""frame1"">
<ol>
	<li>マーケティング基礎
	<ul>
		<li>マーケティングの定義</li>
		<li>マーケティングの基礎知識</li>
	</ul>
	</li>
	<li>マーケティング実践
	<ul>
		<li>マーケティング戦略</li>
		<li>マーケティング戦略〜立案のプロセス</li>
		<li>営業とコンサルの違い</li>
		<li>コンサルへのキャリアパス</li>
	</ul>
	</li>
	<li>ソーシャルメディアマーケティング
	<ul>
		<li>ソーシャルメディアとは</li>
		<li>ソーシャルメディア活用事例&nbsp;-Facebook、Twitter、Ustream、youtube等</li>
	</ul>
	</li>
	<li>提案作成のポイント
	<ul>
		<li>効果的な提案書の書き方</li>
		<li>提案書作成演習</li>
	</ul>
	</li>
</ol>
</div>
</section>

<section>
<h2>講師</h2>

<p style=""margin: 10px 0px 0px; white-space: pre-wrap; color: rgb(20, 24, 35); font-family: helvetica, arial, 'hiragino kaku gothic pro', meiryo, 'ms pgothic', sans-serif; font-size: 13px; line-height: 16.3090915679932px;""><span style=""font-size:18px;""><strong>杉山 隆志</strong></span><span style=""font-size:18px;""><strong> 氏</strong></span></p>

<p>株式会社cotode 代表取締役社長<br />
特定非営利活動法人AIP 事業担当理事</p>

<p>アクセンチュア(11年) 〜 アビームコンサルティング(4年) 〜フライトシステムコンサルティング(5年)を経て現職。<br />
元々は自治体向けのシステムコンサルティングを中心に活動しており、小規模から大規模な様々なプロジェクトに参画。<br />
1,000人規模のプロジェクトマネージャーも経験。その後、フライトシステムコンサルティング内に、クリエイティブブランドS:III:Sを設立し、iPhone,Twitter等で楽しいサービスを積極的に展開。(iPhone Radio,ツイッタークライアントTweetMe 、大名なう #daimyo 等々)<br />
その後、福岡から世界に向けたサービスを世に問うために独立。 地方から日本を変えるをテーマに様々な地域ITコミュニティを支援。その一環として、NPO法人AIPの事業担当理事を務め、各種コミュニティ支援のための拠点AIPカフェを設立、運営中。<br />
天神・大名WiFi化、大名なうなどの活動は新聞・TVで地域ITコミュニティによる地域おこしの活動例として、情報通信白書・NHKや各種新聞など多種のメディアに取り上げられる。<br />
その後、武雄市における日本初の武雄市役所のホームページFaceBook化や自治体特選ストアなどのコンサルテーションを手がけ、現在は前武雄市長樋渡啓祐氏の樋渡社中にも関与。地域創生に今までの経験を活かし従事中。</p>
</section>

<section>
<h2>対象・前提知識</h2>

<ul>
	<li class=""p1"">マーケティングの基礎知識を習得したい方</li>
	<li class=""p1"">?現在主流のソーシャルメディアマーケティングについて知識を得たい方</li>
	<li class=""p1"">効果的な営業方法・提案書等を習得したい方</li>
</ul>
</section>

<section>
<h2>概要</h2>

<table class=""table-sp"">
	<tbody>
		<tr>
			<th>コース日数</th>
			<td>１日（10:00〜17:00 / お昼休憩 1時間 / 6時間）</td>
		</tr>
		<tr>
			<th>コース日程</th>
			<td>2015年10月9日（金）</td>
		</tr>
		<tr>
			<th>研修会場</th>
			<td>AIMビル 7F セミナールーム<br />
			北九州市小倉北区浅野1&minus;3&minus;7階<br />
			※地下有料駐車場があります(詳細は<a href=""http://www.aim-kipro.co.jp/"" target=""_blank"">こちら</a>から)</td>
		</tr>
		<tr>
			<th>持参するもの</th>
			<td>筆記用具</td>
		</tr>
		<tr>
			<th>受講料</th>
			<td>
			<ul>
				<li>15,000円(税抜)／16,200円(税込)</li>
			</ul>

			<p style=""margin-left: 40px;""><span style=""font-size:12px;"">※当講座は「<a href=""http://www.npo-aip.or.jp/course/archives/7"" target=""_blank"">実践型ICT人材育成講座〜全11回講座</a>」での開催講座になりますので、通常価格より大幅に割引いた形でのご提供になります。<br />
			※上記より、通常実施しております、各種割引については適用されませんので、予めご了承ください。</span></p>
			</td>
		</tr>
		<tr>
			<th>お支払い方法</th>
			<td>お申し込み確認後、振込先及び振込金額をお知らせいたしますので 原則として前日までにお支払いください。<br />
			また企業でのお申し込みの場合、開催月締め翌月末払いでのご請求処理も可能です。</td>
		</tr>
		<tr>
			<th>備考</th>
			<td>
			<ul>
				<li>教室内でのご自身の機器（ノートPCなど）のご使用は自由です。</li>
			</ul>
			</td>
		</tr>
	</tbody>
</table>
</section>

<p><a class=""btn"" href=""/entry_course"">本講習を申し込む</a></p>

<p>&nbsp;</p>","25","1","1","2015-08-24 18:30:00","","","","","","2015/09/00000009_eye_catch.png","2015-08-24 18:01:15","2015-09-26 14:53:56"
"38","1","10","9/12[土]開催！アイドルをハックする『アイドルハッカソン』 〜ハードウェア＆ソフトウェア　異分野を繋いでいくミートアップ〜 のお知らせ","<p>ハードウェアだけを作るのでも、ソフトウェアだけを作るのでもなく、両方の技術をつないでいくために頭を絞るハッカソン(Hackthon)を開催します！</p>","<p>ハート?ウェア、ソフトウェアなと?の分野関係なく、仕事とも関係なく、たた?、たた?自分の興味ある分野や技術を試してアイドルをハックして何かを作りたい人に向けたハッカソン (Hackthon) の開催か?決定しました!<br />
また、そんな作りたくて、作りたくてしょうか?ない人達に向け、 ハート?ウェアの分野においては、会場に機材等を準備しますのて?、思う存分堪能くた?さい。</p>

<p>機材については<a href=""http://bit.ly/1tvAL3F"" target=""_blank"">コチラ</a>を参照くた?さい。</p>

<h2>ハッカソン（Hackathon）とは</h2>

<p>「ハック（Hack）」と「マラソン（Marathon）」とを組み合わせた造語です。<br />
プログラマーなどが集まって、一人で黙々と作成するのも良し、グループを組んで作成するのも良しで、短期集中的にプログラムを作成して、新規性のある製品やサービスを開発したりする催し物になります。</p>

<h2>今回のテーマ</h2>

<p>「アイドル」をテーマとして、アイドルの可能性を拡げるハッカソンになります。</p>

<ul>
	<li>「ファッション」&times;「アイドル」</li>
	<li>「アート」&times;「アイドル」</li>
	<li>「アクセサリー」&times;「アイドル」</li>
	<li>「テクノロジー」&times;「アイドル」など</li>
</ul>

<p>8/29[土]に「<a href=""http://www.npo-aip.or.jp/staff-blog/archives/7"" target=""_blank"">アイデアソン編</a>」と称して、アイドル達と一緒にアイデアを出し合いましたが、<br />
改めてアイデアを考える時間も設けてますので、前回参加頂けなかった方でも参加できます！！</p>

<p>＊追加情報があり次第随時更新してお知らせいたします。</p>

<h2>参加アイドル</h2>

<p>現時点の参加アイドル(予定)です。<br />
＊随時更新<br />
＊メンバー全員が参加ではありませんのでご注意ください。</p>

<ol>
	<li><a href=""http://hypericum.jp/"" target=""_blank"">ヒペリカム(フラワードール)</a></li>
	<li><a href=""http://bigakusei.campus-web.jp/binan-bijo/10926/"" target=""_blank"">彩愛</a></li>
	<li><a href=""http://smile-p.net/"" target=""_blank"">スマイル</a></li>
	<li><a href=""http://www.zerodash.tokyo/"" target=""_blank"">zero-dash</a></li>
</ol>

<h2>開催概要</h2>

<table border=""1"" cellpadding=""1"" cellspacing=""1"" class=""table-sp"">
	<tbody>
		<tr>
			<td>日時</td>
			<td>2015年09月12日(土)　開始10:00〜(受付開始 9:30〜)</td>
		</tr>
		<tr>
			<td>会場</td>
			<td>TKPガーデンシティ天神</td>
		</tr>
		<tr>
			<td>住所</td>
			<td>福岡県福岡市中央区天神2-14-8 福岡天神センタービル 8F</td>
		</tr>
		<tr>
			<td>アクセス</td>
			<td><a href=""http://www.kashikaigishitsu.net/facilitys/gc-tenjin/access/"" target=""_blank""><font color=""#222222"">http://www.kashikaigishitsu.net/facilitys/gc-tenjin/access/</font></a></td>
		</tr>
		<tr>
			<td>対象</td>
			<td>エンジニア、デザイナーなどのスキルをお持ちの方</td>
		</tr>
		<tr>
			<td>参加費</td>
			<td>無料</td>
		</tr>
		<tr>
			<td>募集人数</td>
			<td>30名</td>
		</tr>
		<tr>
			<td>主催</td>
			<td>福岡市</td>
		</tr>
		<tr>
			<td>運営</td>
			<td>特定非営利活動法人 AIP、特定非営利活動法人 QUEST</td>
		</tr>
		<tr>
			<td>後援</td>
			<td>九州朝日放送(KBC)</td>
		</tr>
		<tr>
			<td>協力</td>
			<td>龍玉会、Amazon Web Service、株式会社 アプレッソ</td>
		</tr>
		<tr>
			<td>お申し込み先</td>
			<td><a href=""https://hslinkup.doorkeeper.jp/events/30898"" target=""_blank""><font color=""#222222"">申込みページコチラより</font></a></td>
		</tr>
		<tr>
			<td>持参するもの</td>
			<td>開発に必要なパソコン、開発環境をご持参ください。</td>
		</tr>
		<tr>
			<td>会場側で準備する機材</td>
			<td><a href=""http://bit.ly/1tvAL3F"" target=""_blank""><font color=""#222222"">http://bit.ly/1tvAL3F</font></a></td>
		</tr>
		<tr>
			<td>注意事項</td>
			<td>他の参加者に迷惑や不快な思いをさせる方などはご退席いただくことがあります。</td>
		</tr>
	</tbody>
</table>

<h2>日程とタイムスケジュール&nbsp;</h2>

<p>※内容は変更になることがあります。<br />
※定員達した場合は入場制限をさせて頂くことがあります。</p>

<table border=""1"" cellpadding=""1"" cellspacing=""1"" class=""table-sp"">
	<tbody>
		<tr>
			<td>09:30〜</td>
			<td>開場</td>
		</tr>
		<tr>
			<td>10:00〜</td>
			<td>オープニング</td>
		</tr>
		<tr>
			<td>10:10〜</td>
			<td>アイデア出し or アイデア絞り</td>
		</tr>
		<tr>
			<td>11:00〜</td>
			<td><font color=""#222222"">チームビルディング</font></td>
		</tr>
		<tr>
			<td>11:30〜</td>
			<td>アイデア発表(開発予定企画の発表)</td>
		</tr>
		<tr>
			<td>12:00〜</td>
			<td>昼食</td>
		</tr>
		<tr>
			<td>13:00〜</td>
			<td>ハッキングタイム</td>
		</tr>
		<tr>
			<td>19:00〜</td>
			<td>移動(大橋Cityボウル)</td>
		</tr>
		<tr>
			<td>19:30〜</td>
			<td>発表会(ライブ含む) &amp; 交流会</td>
		</tr>
		<tr>
			<td>〜21:00</td>
			<td>終了</td>
		</tr>
	</tbody>
</table>

<h2>前回アイデアソン時の様子</h2>

<p>8/29[土]に「<a href=""http://www.npo-aip.or.jp/staff-blog/archives/7"" target=""_blank"">アイデアソン編</a>」と称して、アイドル達と一緒にアイデアを出し合った様子です。</p>

<p><a href=""http://www.npo-aip.or.jp/staff-blog/archives/7"" target=""_blank"">アイドル&times;ITで福岡をもっと楽しくしよう！ 「アイドルアイデアソン」を開催しました！&nbsp;</a></p>

<p><strong>＊改めてアイデアを考える時間も設けてますので、前回参加頂けなかった方でも参加できます！！</strong></p>","1","1","1","2015-09-02 22:27:27","","","2015-09-03 14:30:00","","","2015/09/00000010_eye_catch.png","2015-09-02 22:49:03","2015-09-26 14:58:53"
"40","3","4","山田 次郎 氏","","<p>コンテンツ・ディレクター(ワークス・ワークス所属)</p>

<p>1980年後期より広告制作会社にてディレクターとして導入。<br />
説明文が入ります。説明文が入ります。説明文が入ります。説明文が入ります。</p>

<p>担当講座</p>

<ul>
	<li>今日からはじめるWeb講座 〜入門講座〜</li>
	<li>iOSアプリ開発入門講座</li>
	<li>iOSアプリ開発実践講座</li>
</ul>","7","1","1","2015-03-26 13:21:33","","","","","","2015/09/00000004_eye_catch.png","2015-09-26 14:48:02","2015-09-26 14:48:20"
"41","3","5","田中 べっしー 氏","","<p>コンテンツ・ディレクター(ワークス・ワークス所属)</p>

<p>1980年後期より広告制作会社にてディレクターとして導入。<br />
説明文が入ります。説明文が入ります。説明文が入ります。説明文が入ります。</p>

<p>担当講座</p>

<ul>
	<li>今日からはじめるWeb講座 〜入門講座〜</li>
	<li>iOSアプリ開発入門講座</li>
	<li>iOSアプリ開発実践講座</li>
</ul>","7","1","1","2015-03-26 13:21:33","","","","","","2015/09/00000005_eye_catch.png","2015-09-26 14:48:36","2015-09-26 14:48:56"
